pair_id,plant_id,field,split,gap_days,n_input_frames,ssim,psnr,structure_ssim
2021_Ref_Plot1_A11::16,2021_Ref_Plot1_A11,Field2,test,8,2,0.8077438211150446,31.08032825479293,0.3779215412943435
2021_Ref_Plot1_A11::22,2021_Ref_Plot1_A11,Field2,test,6,3,0.20513617047856839,15.069758148819165,0.028854910356804972
2021_Ref_Plot1_A13::16,2021_Ref_Plot1_A13,Field2,test,8,2,0.7980889978418374,30.31701325545278,0.3801561472067212
2021_Ref_Plot1_A13::22,2021_Ref_Plot1_A13,Field2,test,6,3,0.16536839712307713,13.581305022875059,0.022393172958436548
2021_Ref_Plot1_A20::16,2021_Ref_Plot1_A20,Field2,test,8,2,0.8130829748939252,31.288890992747028,0.42440482715042155
2021_Ref_Plot1_A20::22,2021_Ref_Plot1_A20,Field2,test,6,3,0.2749891219305077,16.160732541052177,0.050302975644124066
2021_Ref_Plot1_A3::16,2021_Ref_Plot1_A3,Field2,test,8,2,0.7927992802173187,30.71856959492935,0.3451590099863354
2021_Ref_Plot1_A3::22,2021_Ref_Plot1_A3,Field2,test,6,3,0.1796968661559302,12.692190413327236,0.020478970281186
2021_Ref_Plot1_B19::16,2021_Ref_Plot1_B19,Field2,test,8,2,0.8132369479751017,30.93434128078887,0.376864160033047
2021_Ref_Plot1_B19::22,2021_Ref_Plot1_B19,Field2,test,6,3,0.23811358671030317,15.748827141466545,0.04831690014350287
2021_Ref_Plot1_B2::16,2021_Ref_Plot1_B2,Field2,test,8,2,0.8032206544067594,30.92329759860985,0.33728411147559495
2021_Ref_Plot1_B2::22,2021_Ref_Plot1_B2,Field2,test,6,3,0.21864837646063814,15.713369585110176,0.02185793824763512
2021_Ref_Plot1_B4::16,2021_Ref_Plot1_B4,Field2,test,8,2,0.8119083530127451,31.161756223219278,0.3538973887874952
2021_Ref_Plot1_B4::22,2021_Ref_Plot1_B4,Field2,test,6,3,0.25376815977990924,16.338214313302405,0.061882588019966406
2021_Ref_Plot1_B7::16,2021_Ref_Plot1_B7,Field2,test,8,2,0.7927236033501531,31.219646698242922,0.3333725780405069
2021_Ref_Plot1_B7::22,2021_Ref_Plot1_B7,Field2,test,6,3,0.19411357504236126,14.898326618004383,0.029532457027369265
2021_Ref_Plot1_C18::16,2021_Ref_Plot1_C18,Field2,test,8,2,0.8008454500330685,30.46022605279387,0.3503715259361569
2021_Ref_Plot1_C18::22,2021_Ref_Plot1_C18,Field2,test,6,3,0.21940983674438097,12.189648150734369,0.043660635964850696
2021_Ref_Plot1_C6::16,2021_Ref_Plot1_C6,Field2,test,8,2,0.817963194279112,31.268418731023196,0.3541702351597154
2021_Ref_Plot1_C6::22,2021_Ref_Plot1_C6,Field2,test,6,3,0.16960378047569558,13.822449502044314,0.02167970105259278
2021_Ref_Plot1_D18::16,2021_Ref_Plot1_D18,Field2,test,8,2,0.794259244083602,30.09229663414905,0.35611202103992745
2021_Ref_Plot1_D18::22,2021_Ref_Plot1_D18,Field2,test,6,3,0.22705574335212497,15.885026713548235,0.04718502056822853
2021_Ref_Plot1_D4::16,2021_Ref_Plot1_D4,Field2,test,8,2,0.7789609966649333,29.95958268817398,0.3080287642234181
2021_Ref_Plot1_D4::22,2021_Ref_Plot1_D4,Field2,test,6,3,0.16320651872887867,14.853158432248714,0.020635645033325257
2021_Ref_Plot1_D6::16,2021_Ref_Plot1_D6,Field2,test,8,2,0.7838841324323235,29.6094237813856,0.3138821749539419
2021_Ref_Plot1_D6::22,2021_Ref_Plot1_D6,Field2,test,6,3,0.17232867733641274,14.659231226781769,0.017675281956439245
2021_Ref_Plot1_E2::16,2021_Ref_Plot1_E2,Field2,test,8,2,0.7743121806550807,29.51086102873356,0.2992179707878773
2021_Ref_Plot1_E2::22,2021_Ref_Plot1_E2,Field2,test,6,3,0.15707895321687315,14.182374097379103,0.009039087499346562
2021_Ref_Plot1_E8::16,2021_Ref_Plot1_E8,Field2,test,8,2,0.7570947540573666,29.281991132260693,0.26815643370921927
2021_Ref_Plot1_E8::22,2021_Ref_Plot1_E8,Field2,test,6,3,0.1582837107180282,12.819725847150572,0.01320398726499078
2021_Ref_Plot2_A13::16,2021_Ref_Plot2_A13,Field2,test,8,2,0.8148798999942543,31.81800817033654,0.3834748475683125
2021_Ref_Plot2_A13::22,2021_Ref_Plot2_A13,Field2,test,6,3,0.22063521353479298,17.20669516621586,0.014135376790908176
2021_Ref_Plot2_A15::16,2021_Ref_Plot2_A15,Field2,test,8,2,0.7655066378628571,29.85560978429791,0.3034816093022949
2021_Ref_Plot2_A15::22,2021_Ref_Plot2_A15,Field2,test,6,3,0.18055658460589588,13.589659177297575,0.008633092275650761
2021_Ref_Plot2_A1::16,2021_Ref_Plot2_A1,Field2,test,8,2,0.7502661277358945,29.31129958165304,0.30332637327296846
2021_Ref_Plot2_A1::22,2021_Ref_Plot2_A1,Field2,test,6,3,0.21875245940261856,13.416250320607324,0.037288175939088855
2021_Ref_Plot2_B17::16,2021_Ref_Plot2_B17,Field2,test,8,2,0.7712618660199467,29.6608263137529,0.2940910539194132
2021_Ref_Plot2_B17::22,2021_Ref_Plot2_B17,Field2,test,6,3,0.2691636980076653,15.810094346738687,0.043852953494614835
2021_Ref_Plot2_B4::16,2021_Ref_Plot2_B4,Field2,test,8,2,0.7664762874164968,30.449765937597842,0.28323759382146707
2021_Ref_Plot2_B4::22,2021_Ref_Plot2_B4,Field2,test,6,3,0.21887999606237848,17.291980411640765,0.019877900309644293
2021_Ref_Plot2_C10::16,2021_Ref_Plot2_C10,Field2,test,8,2,0.7681202570238131,29.556776136832667,0.296936505979651
2021_Ref_Plot2_C10::22,2021_Ref_Plot2_C10,Field2,test,6,3,0.21407747262105484,15.958578003719353,0.021055424266777454
2021_Ref_Plot2_C16::16,2021_Ref_Plot2_C16,Field2,test,8,2,0.7776149994553562,29.72315552050854,0.295786590870796
2021_Ref_Plot2_C16::22,2021_Ref_Plot2_C16,Field2,test,6,3,0.2379024505330193,15.675570137327274,0.026803787987205365
2021_Ref_Plot2_C18::16,2021_Ref_Plot2_C18,Field2,test,8,2,0.77438228474719,30.162925896290357,0.29055819273002376
2021_Ref_Plot2_C18::22,2021_Ref_Plot2_C18,Field2,test,6,3,0.2237987342832052,15.889520197517594,0.01748262944640334
2021_Ref_Plot2_C1::16,2021_Ref_Plot2_C1,Field2,test,8,2,0.7431524945043019,28.85283402342528,0.27832117707303383
2021_Ref_Plot2_C1::22,2021_Ref_Plot2_C1,Field2,test,6,3,0.2089532712367623,14.416343111168267,0.027102514537928064
2021_Ref_Plot2_C2::16,2021_Ref_Plot2_C2,Field2,test,8,2,0.7526226318855622,29.90980723987032,0.2897260257707344
2021_Ref_Plot2_C2::22,2021_Ref_Plot2_C2,Field2,test,6,3,0.3106939018605805,17.38795513127911,0.06383927936591484
2021_Ref_Plot2_C3::16,2021_Ref_Plot2_C3,Field2,test,8,2,0.7646024665124974,30.252832856174628,0.2802169850101529
2021_Ref_Plot2_C3::22,2021_Ref_Plot2_C3,Field2,test,6,3,0.1744710458262836,13.176246784519442,0.016276923646266383
2021_Ref_Plot2_D12::16,2021_Ref_Plot2_D12,Field2,test,8,2,0.7633639358414817,30.111348539451733,0.3109021450439524
2021_Ref_Plot2_D12::22,2021_Ref_Plot2_D12,Field2,test,6,3,0.21521494676311645,15.832162447427544,0.05081009625895168
2021_Ref_Plot2_D5::16,2021_Ref_Plot2_D5,Field2,test,8,2,0.7783266478647789,31.087514108859423,0.29888963481528125
2021_Ref_Plot2_D5::22,2021_Ref_Plot2_D5,Field2,test,6,3,0.18635203259175173,14.545493845315278,0.01965000948969431
2021_Ref_Plot2_E18::16,2021_Ref_Plot2_E18,Field2,test,8,2,0.7404298725149995,28.833132385669348,0.2514002659094907
2021_Ref_Plot2_E18::22,2021_Ref_Plot2_E18,Field2,test,6,3,0.20568533372983175,13.075402760987295,0.036684804157924425
2021_Ref_Plot2_E1::16,2021_Ref_Plot2_E1,Field2,test,8,2,0.7196165190721304,29.13259557981114,0.262255033207972
2021_Ref_Plot2_E1::22,2021_Ref_Plot2_E1,Field2,test,6,3,0.19446512861807355,13.322085515578559,0.03910344875047906
2021_Ref_Plot2_E7::16,2021_Ref_Plot2_E7,Field2,test,8,2,0.6702381146073978,27.45648230050088,0.16430293594575268
2021_Ref_Plot2_E7::22,2021_Ref_Plot2_E7,Field2,test,6,3,0.14711197881546387,13.475173709883526,0.024779787701137673
2021_Ref_Plot3_A6::16,2021_Ref_Plot3_A6,Field2,test,8,2,0.7959411708022931,31.169066633362142,0.35244831759482004
2021_Ref_Plot3_A6::22,2021_Ref_Plot3_A6,Field2,test,6,3,0.21766849516462605,15.400925782492825,0.017387504477826093
2021_Ref_Plot3_A7::16,2021_Ref_Plot3_A7,Field2,test,8,2,0.8082146579931387,31.301108072823524,0.37897450390830933
2021_Ref_Plot3_A7::22,2021_Ref_Plot3_A7,Field2,test,6,3,0.18178314964615458,15.691418552894064,-0.0041450305215458534
2021_Ref_Plot3_B10::16,2021_Ref_Plot3_B10,Field2,test,8,2,0.8144496907819828,31.071777504419117,0.36644323081838154
2021_Ref_Plot3_B10::22,2021_Ref_Plot3_B10,Field2,test,6,3,0.22569328606725966,15.3655234158251,0.05682606086538583
2021_Ref_Plot3_B12::16,2021_Ref_Plot3_B12,Field2,test,8,2,0.8226806913513839,31.828941703228246,0.3633659211974598
2021_Ref_Plot3_B12::22,2021_Ref_Plot3_B12,Field2,test,6,3,0.2155018407672706,16.1088572092443,0.016448630617953465
2021_Ref_Plot3_B17::16,2021_Ref_Plot3_B17,Field2,test,8,2,0.8105386606419239,31.13377123145394,0.34185943420356185
2021_Ref_Plot3_B17::22,2021_Ref_Plot3_B17,Field2,test,6,3,0.2350365999789621,13.72209659160243,0.04802192201077708
2021_Ref_Plot3_B1::16,2021_Ref_Plot3_B1,Field2,test,8,2,0.795931656263085,31.136906406838882,0.31871481155624337
2021_Ref_Plot3_B1::22,2021_Ref_Plot3_B1,Field2,test,6,3,0.19483893366486948,12.427118473466026,0.020016624619056827
2021_Ref_Plot3_B3::16,2021_Ref_Plot3_B3,Field2,test,8,2,0.810187263012101,30.91098245375227,0.34204222873600676
2021_Ref_Plot3_B3::22,2021_Ref_Plot3_B3,Field2,test,6,3,0.14305990819103578,12.62100708854608,0.0015962384219866683
2021_Ref_Plot3_B6::16,2021_Ref_Plot3_B6,Field2,test,8,2,0.8089273741757562,30.955581442519623,0.3360811284850232
2021_Ref_Plot3_B6::22,2021_Ref_Plot3_B6,Field2,test,6,3,0.1971552789245313,16.227496959108308,0.011830999905334396
2021_Ref_Plot3_B7::16,2021_Ref_Plot3_B7,Field2,test,8,2,0.7932837029147466,30.007576673824445,0.33126270086358617
2021_Ref_Plot3_B7::22,2021_Ref_Plot3_B7,Field2,test,6,3,0.22713409439657403,15.74670359715344,0.03450609607796938
2021_Ref_Plot3_B8::16,2021_Ref_Plot3_B8,Field2,test,8,2,0.8025002539100404,29.702048230135215,0.3231484351178567
2021_Ref_Plot3_B8::22,2021_Ref_Plot3_B8,Field2,test,6,3,0.1740232375342897,14.831211415099437,0.0032373521489665468
2021_Ref_Plot3_C15::16,2021_Ref_Plot3_C15,Field2,test,8,2,0.7901580755218607,30.615859468421554,0.31680071021803397
2021_Ref_Plot3_C15::22,2021_Ref_Plot3_C15,Field2,test,6,3,0.2525314840249843,15.503020964855345,0.03727731814335816
2021_Ref_Plot3_C2::16,2021_Ref_Plot3_C2,Field2,test,8,2,0.8093921909486594,31.350467177477626,0.36490504274194596
2021_Ref_Plot3_C2::22,2021_Ref_Plot3_C2,Field2,test,6,3,0.19839608163090738,12.944405439410003,0.037771416465408686
2021_Ref_Plot3_C3::16,2021_Ref_Plot3_C3,Field2,test,8,2,0.7913533357076593,30.272307593341097,0.3664879166976862
2021_Ref_Plot3_C3::22,2021_Ref_Plot3_C3,Field2,test,6,3,0.29232534748786915,16.23001980381336,0.0738696465253327
2021_Ref_Plot3_C4::16,2021_Ref_Plot3_C4,Field2,test,8,2,0.7714738570139511,29.494680148226387,0.3195679467184755
2021_Ref_Plot3_C4::22,2021_Ref_Plot3_C4,Field2,test,6,3,0.23288976394605518,13.667217189864939,0.04846573574344164
2021_Ref_Plot3_D15::16,2021_Ref_Plot3_D15,Field2,test,8,2,0.7780017376031388,30.59684131650554,0.343048613487743
2021_Ref_Plot3_D15::22,2021_Ref_Plot3_D15,Field2,test,6,3,0.22879391885545566,15.281661071796757,0.04198768350738588
2021_Ref_Plot3_D19::16,2021_Ref_Plot3_D19,Field2,test,8,2,0.7756271861273415,29.941143460266865,0.3736015381116258
2021_Ref_Plot3_D19::22,2021_Ref_Plot3_D19,Field2,test,6,3,0.23785831480286143,13.673016661265462,0.06040784144074728
2021_Ref_Plot3_D1::16,2021_Ref_Plot3_D1,Field2,test,8,2,0.7841453318117733,30.613496468728187,0.34401407716690285
2021_Ref_Plot3_D1::22,2021_Ref_Plot3_D1,Field2,test,6,3,0.19805776683267998,14.043361113856964,0.026331509689240404
2021_Ref_Plot3_D20::16,2021_Ref_Plot3_D20,Field2,test,8,2,0.7973385798975011,30.43174991977549,0.3972696934930881
2021_Ref_Plot3_D20::22,2021_Ref_Plot3_D20,Field2,test,6,3,0.2278098201040737,15.397057918432589,0.060435634303370886
2021_Ref_Plot3_E11::16,2021_Ref_Plot3_E11,Field2,test,8,2,0.7304286614340386,29.503895648601453,0.27603817616638404
2021_Ref_Plot3_E11::22,2021_Ref_Plot3_E11,Field2,test,6,3,0.22629661066937357,15.95663292318713,0.03269469188966528
2021_Ref_Plot4_A7::16,2021_Ref_Plot4_A7,Field2,test,8,2,0.7971498004469787,30.28669291800533,0.348420130506381
2021_Ref_Plot4_A7::22,2021_Ref_Plot4_A7,Field2,test,6,3,0.2052524030970657,15.41042602596116,0.021079693207345113
2021_Ref_Plot4_B11::16,2021_Ref_Plot4_B11,Field2,test,8,2,0.8434737532050076,31.955153582417296,0.3975440802449694
2021_Ref_Plot4_B11::22,2021_Ref_Plot4_B11,Field2,test,6,3,0.2221521641527406,14.502349516298263,0.050378141210743965
2021_Ref_Plot4_B12::16,2021_Ref_Plot4_B12,Field2,test,8,2,0.8161219509688147,30.784928688409337,0.3647814954439247
2021_Ref_Plot4_B12::22,2021_Ref_Plot4_B12,Field2,test,6,3,0.1717312273866567,13.576023165929822,0.01818946852247273
2021_Ref_Plot4_B13::16,2021_Ref_Plot4_B13,Field2,test,8,2,0.8140484536066048,30.810853742903163,0.34525507170657566
2021_Ref_Plot4_B13::22,2021_Ref_Plot4_B13,Field2,test,6,3,0.22583361396521542,15.624915765319962,0.03959478629487921
2021_Ref_Plot4_B15::16,2021_Ref_Plot4_B15,Field2,test,8,2,0.8273603324300217,30.99775570472438,0.35716679863875905
2021_Ref_Plot4_B15::22,2021_Ref_Plot4_B15,Field2,test,6,3,0.169617178256936,15.456074416462375,0.015364916532216503
2021_Ref_Plot4_B16::16,2021_Ref_Plot4_B16,Field2,test,8,2,0.844503268553977,31.349302290672977,0.39515403526136045
2021_Ref_Plot4_B16::22,2021_Ref_Plot4_B16,Field2,test,6,3,0.14963702921118738,14.035327708106015,0.003182973314836214
2021_Ref_Plot4_B17::16,2021_Ref_Plot4_B17,Field2,test,8,2,0.8414537568676116,31.739662470385,0.38529182179882426
2021_Ref_Plot4_B17::22,2021_Ref_Plot4_B17,Field2,test,6,3,0.18608000127047944,14.67225663829085,0.020154074729674246
2021_Ref_Plot4_C4::16,2021_Ref_Plot4_C4,Field2,test,8,2,0.8138438636731626,30.868858775958326,0.3834691955762722
2021_Ref_Plot4_C4::22,2021_Ref_Plot4_C4,Field2,test,6,3,0.1591763740950998,14.536527778666724,0.007896265540244337
2021_Ref_Plot4_D11::16,2021_Ref_Plot4_D11,Field2,test,8,2,0.820111774351918,31.548471563053837,0.41389310493383824
2021_Ref_Plot4_D11::22,2021_Ref_Plot4_D11,Field2,test,6,3,0.2145137279538514,15.934352183803004,0.0508816980166796
2021_Ref_Plot4_D6::16,2021_Ref_Plot4_D6,Field2,test,8,2,0.779664118529689,30.17884061150783,0.363453804012473
2021_Ref_Plot4_D6::22,2021_Ref_Plot4_D6,Field2,test,6,3,0.16551996360780993,15.01533938261341,0.021262646106117535
2021_Ref_Plot5_A17::16,2021_Ref_Plot5_A17,Field2,test,8,2,0.7774643310044663,28.82273351506543,0.3072687693669374
2021_Ref_Plot5_A17::22,2021_Ref_Plot5_A17,Field2,test,6,3,0.20231544235676505,12.906064855139052,0.03493018079190514
2021_Ref_Plot5_A19::16,2021_Ref_Plot5_A19,Field2,test,8,2,0.8068992074225871,29.728470669279943,0.3293410166358814
2021_Ref_Plot5_A19::22,2021_Ref_Plot5_A19,Field2,test,6,3,0.20316837803531665,13.029667225358752,0.02302150458457068
2021_Ref_Plot5_B12::16,2021_Ref_Plot5_B12,Field2,test,8,2,0.8061142773615168,30.567437730915486,0.36933404119388347
2021_Ref_Plot5_B12::22,2021_Ref_Plot5_B12,Field2,test,6,3,0.2895355125537375,14.704096552437749,0.0741906298040033
2021_Ref_Plot5_B14::16,2021_Ref_Plot5_B14,Field2,test,8,2,0.80565366165288,30.0125291427357,0.34547754782925083
2021_Ref_Plot5_B14::22,2021_Ref_Plot5_B14,Field2,test,6,3,0.19101754060326273,14.418270543114154,0.0384948273601482
2021_Ref_Plot5_C12::16,2021_Ref_Plot5_C12,Field2,test,8,2,0.8027755884531782,29.6063466914185,0.3438427316098179
2021_Ref_Plot5_C12::22,2021_Ref_Plot5_C12,Field2,test,6,3,0.15515788746462247,12.746154486863627,0.028894533359399694
2021_Ref_Plot5_C17::16,2021_Ref_Plot5_C17,Field2,test,8,2,0.7953857350786717,30.16366202644729,0.32632151801466774
2021_Ref_Plot5_C17::22,2021_Ref_Plot5_C17,Field2,test,6,3,0.188615453038655,12.610564957996823,0.04473130700714963
2021_Ref_Plot5_C18::16,2021_Ref_Plot5_C18,Field2,test,8,2,0.795280711079036,29.203822885355812,0.33224440948276956
2021_Ref_Plot5_C18::22,2021_Ref_Plot5_C18,Field2,test,6,3,0.18633319822611602,12.979997784467658,0.032666305789142154
2021_Ref_Plot5_D10::16,2021_Ref_Plot5_D10,Field2,test,8,2,0.8129771412807617,30.344004290581633,0.3588668097342278
2021_Ref_Plot5_D10::22,2021_Ref_Plot5_D10,Field2,test,6,3,0.15660134038875972,13.371055618191722,0.02506257094832764
2021_Ref_Plot5_D11::16,2021_Ref_Plot5_D11,Field2,test,8,2,0.8116857275346098,30.93950631253457,0.37872181445741043
2021_Ref_Plot5_D11::22,2021_Ref_Plot5_D11,Field2,test,6,3,0.20941281840158907,14.776402044695807,0.038195643339448464
2021_Ref_Plot5_D9::16,2021_Ref_Plot5_D9,Field2,test,8,2,0.8158837140027805,31.590094689367834,0.3666115991925892
2021_Ref_Plot5_D9::22,2021_Ref_Plot5_D9,Field2,test,6,3,0.14171659715010854,12.698011789963937,0.019367961473039822
2021_Ref_Plot5_E11::16,2021_Ref_Plot5_E11,Field2,test,8,2,0.7669239315366733,29.057651158458544,0.32181251982262776
2021_Ref_Plot5_E11::22,2021_Ref_Plot5_E11,Field2,test,6,3,0.21061314949788368,14.152244006223286,0.051574217915625366
2021_Ref_Plot5_E3::16,2021_Ref_Plot5_E3,Field2,test,8,2,0.7907873227659157,30.86797628145891,0.32007820643607415
2021_Ref_Plot5_E3::22,2021_Ref_Plot5_E3,Field2,test,6,3,0.22926961614535749,16.59028883965677,0.03523165198100966
2021_Ref_Plot5_E7::16,2021_Ref_Plot5_E7,Field2,test,8,2,0.7940988095439733,30.88995210157243,0.3160907809210569
2021_Ref_Plot5_E7::22,2021_Ref_Plot5_E7,Field2,test,6,3,0.22487610159312332,14.477032082459708,0.044552245210122327
