pair_id,field,n_frames,w_last,w_first,w_max,eff_frames,uniform_w
2020_Ref_Plot1_A10::22,Field1,1,1.0,1.0,1.0,1.0,1.0
2020_Ref_Plot1_A10::28,Field1,1,1.0,1.0,1.0,1.0,1.0
2020_Ref_Plot1_A10::36,Field1,1,1.0,1.0,1.0,1.0,1.0
2020_Ref_Plot1_A10::42,Field1,1,1.0,1.0,1.0,1.0,1.0
2020_Ref_Plot1_A10::51,Field1,1,1.0,1.0,1.0,1.0,1.0
2020_Ref_Plot1_A10::83,Field1,1,1.0,1.0,1.0,1.0,1.0
2020_Ref_Plot1_A93::22,Field1,1,1.0,1.0,1.0,1.0,1.0
2020_Ref_Plot1_A93::28,Field1,1,1.0,1.0,1.0,1.0,1.0
2020_Ref_Plot1_A93::36,Field1,1,1.0,1.0,1.0,1.0,1.0
2020_Ref_Plot1_A93::42,Field1,1,1.0,1.0,1.0,1.0,1.0
2020_Ref_Plot1_A93::51,Field1,1,1.0,1.0,1.0,1.0,1.0
2020_Ref_Plot1_A94::22,Field1,1,1.0,1.0,1.0,1.0,1.0
2020_Ref_Plot1_A94::28,Field1,1,1.0,1.0,1.0,1.0,1.0
2020_Ref_Plot1_A94::36,Field1,1,1.0,1.0,1.0,1.0,1.0
2020_Ref_Plot1_A94::42,Field1,1,1.0,1.0,1.0,1.0,1.0
2020_Ref_Plot1_A94::51,Field1,1,1.0,1.0,1.0,1.0,1.0
2020_Ref_Plot1_B1::22,Field1,1,1.0,1.0,1.0,1.0,1.0
2020_Ref_Plot1_B1::28,Field1,1,1.0,1.0,1.0,1.0,1.0
2020_Ref_Plot1_B1::36,Field1,1,1.0,1.0,1.0,1.0,1.0
2020_Ref_Plot1_B1::42,Field1,1,1.0,1.0,1.0,1.0,1.0
2020_Ref_Plot1_B1::51,Field1,1,1.0,1.0,1.0,1.0,1.0
2020_Ref_Plot1_B1::83,Field1,1,1.0,1.0,1.0,1.0,1.0
2020_Ref_Plot1_B10::22,Field1,1,1.0,1.0,1.0,1.0,1.0
2020_Ref_Plot1_B10::28,Field1,1,1.0,1.0,1.0,1.0,1.0
2020_Ref_Plot1_B10::36,Field1,1,1.0,1.0,1.0,1.0,1.0
2020_Ref_Plot1_B10::42,Field1,1,1.0,1.0,1.0,1.0,1.0
2020_Ref_Plot1_B10::51,Field1,1,1.0,1.0,1.0,1.0,1.0
2020_Ref_Plot1_B10::83,Field1,1,1.0,1.0,1.0,1.0,1.0
2020_Ref_Plot1_B7::22,Field1,1,1.0,1.0,1.0,1.0,1.0
2020_Ref_Plot1_B7::28,Field1,1,1.0,1.0,1.0,1.0,1.0
2020_Ref_Plot1_B7::36,Field1,1,1.0,1.0,1.0,1.0,1.0
2020_Ref_Plot1_B7::42,Field1,1,1.0,1.0,1.0,1.0,1.0
2020_Ref_Plot1_B7::51,Field1,1,1.0,1.0,1.0,1.0,1.0
2020_Ref_Plot1_B7::83,Field1,1,1.0,1.0,1.0,1.0,1.0
2020_Ref_Plot1_B94::22,Field1,1,1.0,1.0,1.0,1.0,1.0
2020_Ref_Plot1_B94::28,Field1,1,1.0,1.0,1.0,1.0,1.0
2020_Ref_Plot1_B94::36,Field1,1,1.0,1.0,1.0,1.0,1.0
2020_Ref_Plot1_B94::42,Field1,1,1.0,1.0,1.0,1.0,1.0
2020_Ref_Plot1_B94::51,Field1,1,1.0,1.0,1.0,1.0,1.0
2020_Ref_Plot1_C1::22,Field1,1,1.0,1.0,1.0,1.0,1.0
2020_Ref_Plot1_C1::28,Field1,1,1.0,1.0,1.0,1.0,1.0
2020_Ref_Plot1_C1::36,Field1,1,1.0,1.0,1.0,1.0,1.0
2020_Ref_Plot1_C1::42,Field1,1,1.0,1.0,1.0,1.0,1.0
2020_Ref_Plot1_C1::51,Field1,1,1.0,1.0,1.0,1.0,1.0
2020_Ref_Plot1_C1::83,Field1,1,1.0,1.0,1.0,1.0,1.0
2020_Ref_Plot1_C92::22,Field1,1,1.0,1.0,1.0,1.0,1.0
2020_Ref_Plot1_C92::28,Field1,1,1.0,1.0,1.0,1.0,1.0
2020_Ref_Plot1_C92::36,Field1,1,1.0,1.0,1.0,1.0,1.0
2020_Ref_Plot1_C92::42,Field1,1,1.0,1.0,1.0,1.0,1.0
2020_Ref_Plot1_C92::51,Field1,1,1.0,1.0,1.0,1.0,1.0
2020_Ref_Plot1_C98::22,Field1,1,1.0,1.0,1.0,1.0,1.0
2020_Ref_Plot1_C98::28,Field1,1,1.0,1.0,1.0,1.0,1.0
2020_Ref_Plot1_C98::36,Field1,1,1.0,1.0,1.0,1.0,1.0
2020_Ref_Plot1_C98::42,Field1,1,1.0,1.0,1.0,1.0,1.0
2020_Ref_Plot1_C98::51,Field1,1,1.0,1.0,1.0,1.0,1.0
2020_Ref_Plot2_A2::22,Field1,1,1.0,1.0,1.0,1.0,1.0
2020_Ref_Plot2_A2::28,Field1,1,1.0,1.0,1.0,1.0,1.0
2020_Ref_Plot2_A2::36,Field1,1,1.0,1.0,1.0,1.0,1.0
2020_Ref_Plot2_A2::42,Field1,1,1.0,1.0,1.0,1.0,1.0
2020_Ref_Plot2_A2::51,Field1,1,1.0,1.0,1.0,1.0,1.0
2020_Ref_Plot2_A2::83,Field1,1,1.0,1.0,1.0,1.0,1.0
2020_Ref_Plot2_A4::22,Field1,1,1.0,1.0,1.0,1.0,1.0
2020_Ref_Plot2_A4::28,Field1,1,1.0,1.0,1.0,1.0,1.0
2020_Ref_Plot2_A4::36,Field1,1,1.0,1.0,1.0,1.0,1.0
2020_Ref_Plot2_A4::42,Field1,1,1.0,1.0,1.0,1.0,1.0
2020_Ref_Plot2_A4::51,Field1,1,1.0,1.0,1.0,1.0,1.0
2020_Ref_Plot2_A4::83,Field1,1,1.0,1.0,1.0,1.0,1.0
2020_Ref_Plot2_A91::22,Field1,1,1.0,1.0,1.0,1.0,1.0
2020_Ref_Plot2_A91::28,Field1,1,1.0,1.0,1.0,1.0,1.0
2020_Ref_Plot2_A91::36,Field1,1,1.0,1.0,1.0,1.0,1.0
2020_Ref_Plot2_A91::42,Field1,1,1.0,1.0,1.0,1.0,1.0
2020_Ref_Plot2_A91::51,Field1,1,1.0,1.0,1.0,1.0,1.0
2020_Ref_Plot2_A91::83,Field1,1,1.0,1.0,1.0,1.0,1.0
2020_Ref_Plot2_B1::22,Field1,1,1.0,1.0,1.0,1.0,1.0
2020_Ref_Plot2_B1::28,Field1,1,1.0,1.0,1.0,1.0,1.0
2020_Ref_Plot2_B1::36,Field1,1,1.0,1.0,1.0,1.0,1.0
2020_Ref_Plot2_B1::42,Field1,1,1.0,1.0,1.0,1.0,1.0
2020_Ref_Plot2_B1::51,Field1,1,1.0,1.0,1.0,1.0,1.0
2020_Ref_Plot2_B1::83,Field1,1,1.0,1.0,1.0,1.0,1.0
2020_Ref_Plot2_B7::22,Field1,1,1.0,1.0,1.0,1.0,1.0
2020_Ref_Plot2_B7::28,Field1,1,1.0,1.0,1.0,1.0,1.0
2020_Ref_Plot2_B7::36,Field1,1,1.0,1.0,1.0,1.0,1.0
2020_Ref_Plot2_B7::42,Field1,1,1.0,1.0,1.0,1.0,1.0
2020_Ref_Plot2_B7::51,Field1,1,1.0,1.0,1.0,1.0,1.0
2020_Ref_Plot2_B7::83,Field1,1,1.0,1.0,1.0,1.0,1.0
2020_Ref_Plot2_B91::22,Field1,1,1.0,1.0,1.0,1.0,1.0
2020_Ref_Plot2_B91::28,Field1,1,1.0,1.0,1.0,1.0,1.0
2020_Ref_Plot2_B91::36,Field1,1,1.0,1.0,1.0,1.0,1.0
2020_Ref_Plot2_B91::42,Field1,1,1.0,1.0,1.0,1.0,1.0
2020_Ref_Plot2_B91::51,Field1,1,1.0,1.0,1.0,1.0,1.0
2020_Ref_Plot2_B99::22,Field1,1,1.0,1.0,1.0,1.0,1.0
2020_Ref_Plot2_B99::28,Field1,1,1.0,1.0,1.0,1.0,1.0
2020_Ref_Plot2_B99::36,Field1,1,1.0,1.0,1.0,1.0,1.0
2020_Ref_Plot2_B99::42,Field1,1,1.0,1.0,1.0,1.0,1.0
2020_Ref_Plot2_B99::51,Field1,1,1.0,1.0,1.0,1.0,1.0
2020_Ref_Plot2_B99::83,Field1,1,1.0,1.0,1.0,1.0,1.0
2020_Ref_Plot2_C2::22,Field1,1,1.0,1.0,1.0,1.0,1.0
2020_Ref_Plot2_C2::28,Field1,1,1.0,1.0,1.0,1.0,1.0
2020_Ref_Plot2_C2::36,Field1,1,1.0,1.0,1.0,1.0,1.0
2020_Ref_Plot2_C2::42,Field1,1,1.0,1.0,1.0,1.0,1.0
2020_Ref_Plot2_C2::51,Field1,1,1.0,1.0,1.0,1.0,1.0
2020_Ref_Plot2_C2::83,Field1,1,1.0,1.0,1.0,1.0,1.0
2020_Ref_Plot2_C5::22,Field1,1,1.0,1.0,1.0,1.0,1.0
2020_Ref_Plot2_C5::28,Field1,1,1.0,1.0,1.0,1.0,1.0
2020_Ref_Plot2_C5::36,Field1,1,1.0,1.0,1.0,1.0,1.0
2020_Ref_Plot2_C5::42,Field1,1,1.0,1.0,1.0,1.0,1.0
2020_Ref_Plot2_C5::51,Field1,1,1.0,1.0,1.0,1.0,1.0
2020_Ref_Plot2_C5::83,Field1,1,1.0,1.0,1.0,1.0,1.0
2020_Ref_Plot2_C6::22,Field1,1,1.0,1.0,1.0,1.0,1.0
2020_Ref_Plot2_C6::28,Field1,1,1.0,1.0,1.0,1.0,1.0
2020_Ref_Plot2_C6::36,Field1,1,1.0,1.0,1.0,1.0,1.0
2020_Ref_Plot2_C6::42,Field1,1,1.0,1.0,1.0,1.0,1.0
2020_Ref_Plot2_C6::51,Field1,1,1.0,1.0,1.0,1.0,1.0
2020_Ref_Plot2_C6::83,Field1,1,1.0,1.0,1.0,1.0,1.0
2020_Ref_Plot3_A2::22,Field1,1,1.0,1.0,1.0,1.0,1.0
2020_Ref_Plot3_A2::28,Field1,1,1.0,1.0,1.0,1.0,1.0
2020_Ref_Plot3_A2::36,Field1,1,1.0,1.0,1.0,1.0,1.0
2020_Ref_Plot3_A2::42,Field1,1,1.0,1.0,1.0,1.0,1.0
2020_Ref_Plot3_A2::51,Field1,1,1.0,1.0,1.0,1.0,1.0
2020_Ref_Plot3_A2::83,Field1,1,1.0,1.0,1.0,1.0,1.0
2020_Ref_Plot3_A9::22,Field1,1,1.0,1.0,1.0,1.0,1.0
2020_Ref_Plot3_A9::28,Field1,1,1.0,1.0,1.0,1.0,1.0
2020_Ref_Plot3_A9::36,Field1,1,1.0,1.0,1.0,1.0,1.0
2020_Ref_Plot3_A9::42,Field1,1,1.0,1.0,1.0,1.0,1.0
2020_Ref_Plot3_A9::51,Field1,1,1.0,1.0,1.0,1.0,1.0
2020_Ref_Plot3_A9::83,Field1,1,1.0,1.0,1.0,1.0,1.0
2020_Ref_Plot3_A9::97,Field1,1,1.0,1.0,1.0,1.0,1.0
2020_Ref_Plot3_A91::22,Field1,1,1.0,1.0,1.0,1.0,1.0
2020_Ref_Plot3_A91::28,Field1,1,1.0,1.0,1.0,1.0,1.0
2020_Ref_Plot3_A91::36,Field1,1,1.0,1.0,1.0,1.0,1.0
2020_Ref_Plot3_A91::42,Field1,1,1.0,1.0,1.0,1.0,1.0
2020_Ref_Plot3_A91::51,Field1,1,1.0,1.0,1.0,1.0,1.0
2020_Ref_Plot3_A91::83,Field1,1,1.0,1.0,1.0,1.0,1.0
2020_Ref_Plot3_A95::22,Field1,1,1.0,1.0,1.0,1.0,1.0
2020_Ref_Plot3_A95::28,Field1,1,1.0,1.0,1.0,1.0,1.0
2020_Ref_Plot3_A95::36,Field1,1,1.0,1.0,1.0,1.0,1.0
2020_Ref_Plot3_A95::42,Field1,1,1.0,1.0,1.0,1.0,1.0
2020_Ref_Plot3_A95::51,Field1,1,1.0,1.0,1.0,1.0,1.0
2020_Ref_Plot3_A95::83,Field1,1,1.0,1.0,1.0,1.0,1.0
2020_Ref_Plot3_A99::22,Field1,1,1.0,1.0,1.0,1.0,1.0
2020_Ref_Plot3_A99::28,Field1,1,1.0,1.0,1.0,1.0,1.0
2020_Ref_Plot3_A99::36,Field1,1,1.0,1.0,1.0,1.0,1.0
2020_Ref_Plot3_A99::42,Field1,1,1.0,1.0,1.0,1.0,1.0
2020_Ref_Plot3_A99::51,Field1,1,1.0,1.0,1.0,1.0,1.0
2020_Ref_Plot3_A99::83,Field1,1,1.0,1.0,1.0,1.0,1.0
2020_Ref_Plot3_B97::22,Field1,1,1.0,1.0,1.0,1.0,1.0
2020_Ref_Plot3_B97::28,Field1,1,1.0,1.0,1.0,1.0,1.0
2020_Ref_Plot3_B97::36,Field1,1,1.0,1.0,1.0,1.0,1.0
2020_Ref_Plot3_B97::42,Field1,1,1.0,1.0,1.0,1.0,1.0
2020_Ref_Plot3_B97::51,Field1,1,1.0,1.0,1.0,1.0,1.0
2020_Ref_Plot3_B97::83,Field1,1,1.0,1.0,1.0,1.0,1.0
2020_Ref_Plot3_C10::22,Field1,1,1.0,1.0,1.0,1.0,1.0
2020_Ref_Plot3_C10::28,Field1,1,1.0,1.0,1.0,1.0,1.0
2020_Ref_Plot3_C10::36,Field1,1,1.0,1.0,1.0,1.0,1.0
2020_Ref_Plot3_C10::42,Field1,1,1.0,1.0,1.0,1.0,1.0
2020_Ref_Plot3_C10::51,Field1,1,1.0,1.0,1.0,1.0,1.0
2020_Ref_Plot3_C10::83,Field1,1,1.0,1.0,1.0,1.0,1.0
2020_Ref_Plot3_C10::97,Field1,1,1.0,1.0,1.0,1.0,1.0
2020_Ref_Plot3_C2::22,Field1,1,1.0,1.0,1.0,1.0,1.0
2020_Ref_Plot3_C2::28,Field1,1,1.0,1.0,1.0,1.0,1.0
2020_Ref_Plot3_C2::36,Field1,1,1.0,1.0,1.0,1.0,1.0
2020_Ref_Plot3_C2::42,Field1,1,1.0,1.0,1.0,1.0,1.0
2020_Ref_Plot3_C2::51,Field1,1,1.0,1.0,1.0,1.0,1.0
2020_Ref_Plot3_C2::83,Field1,1,1.0,1.0,1.0,1.0,1.0
2020_Ref_Plot3_C7::22,Field1,1,1.0,1.0,1.0,1.0,1.0
2020_Ref_Plot3_C7::28,Field1,1,1.0,1.0,1.0,1.0,1.0
2020_Ref_Plot3_C7::36,Field1,1,1.0,1.0,1.0,1.0,1.0
2020_Ref_Plot3_C7::42,Field1,1,1.0,1.0,1.0,1.0,1.0
2020_Ref_Plot3_C7::51,Field1,1,1.0,1.0,1.0,1.0,1.0
2020_Ref_Plot3_C7::83,Field1,1,1.0,1.0,1.0,1.0,1.0
2020_Ref_Plot3_C7::97,Field1,1,1.0,1.0,1.0,1.0,1.0
2020_Ref_Plot4_A8::22,Field1,1,1.0,1.0,1.0,1.0,1.0
2020_Ref_Plot4_A8::28,Field1,1,1.0,1.0,1.0,1.0,1.0
2020_Ref_Plot4_A8::36,Field1,1,1.0,1.0,1.0,1.0,1.0
2020_Ref_Plot4_A8::42,Field1,1,1.0,1.0,1.0,1.0,1.0
2020_Ref_Plot4_A8::51,Field1,1,1.0,1.0,1.0,1.0,1.0
2020_Ref_Plot4_A8::83,Field1,1,1.0,1.0,1.0,1.0,1.0
2020_Ref_Plot4_A90::22,Field1,1,1.0,1.0,1.0,1.0,1.0
2020_Ref_Plot4_A90::28,Field1,1,1.0,1.0,1.0,1.0,1.0
2020_Ref_Plot4_A90::36,Field1,1,1.0,1.0,1.0,1.0,1.0
2020_Ref_Plot4_A90::42,Field1,1,1.0,1.0,1.0,1.0,1.0
2020_Ref_Plot4_A90::51,Field1,1,1.0,1.0,1.0,1.0,1.0
2020_Ref_Plot4_A92::22,Field1,1,1.0,1.0,1.0,1.0,1.0
2020_Ref_Plot4_A92::28,Field1,1,1.0,1.0,1.0,1.0,1.0
2020_Ref_Plot4_A92::36,Field1,1,1.0,1.0,1.0,1.0,1.0
2020_Ref_Plot4_A92::42,Field1,1,1.0,1.0,1.0,1.0,1.0
2020_Ref_Plot4_A92::51,Field1,1,1.0,1.0,1.0,1.0,1.0
2020_Ref_Plot4_B2::22,Field1,1,1.0,1.0,1.0,1.0,1.0
2020_Ref_Plot4_B2::28,Field1,1,1.0,1.0,1.0,1.0,1.0
2020_Ref_Plot4_B2::36,Field1,1,1.0,1.0,1.0,1.0,1.0
2020_Ref_Plot4_B2::42,Field1,1,1.0,1.0,1.0,1.0,1.0
2020_Ref_Plot4_B2::51,Field1,1,1.0,1.0,1.0,1.0,1.0
2020_Ref_Plot4_B2::83,Field1,1,1.0,1.0,1.0,1.0,1.0
2020_Ref_Plot4_B6::22,Field1,1,1.0,1.0,1.0,1.0,1.0
2020_Ref_Plot4_B6::28,Field1,1,1.0,1.0,1.0,1.0,1.0
2020_Ref_Plot4_B6::36,Field1,1,1.0,1.0,1.0,1.0,1.0
2020_Ref_Plot4_B6::42,Field1,1,1.0,1.0,1.0,1.0,1.0
2020_Ref_Plot4_B6::51,Field1,1,1.0,1.0,1.0,1.0,1.0
2020_Ref_Plot4_B6::83,Field1,1,1.0,1.0,1.0,1.0,1.0
2020_Ref_Plot4_B95::22,Field1,1,1.0,1.0,1.0,1.0,1.0
2020_Ref_Plot4_B95::28,Field1,1,1.0,1.0,1.0,1.0,1.0
2020_Ref_Plot4_B95::36,Field1,1,1.0,1.0,1.0,1.0,1.0
2020_Ref_Plot4_B95::42,Field1,1,1.0,1.0,1.0,1.0,1.0
2020_Ref_Plot4_B95::51,Field1,1,1.0,1.0,1.0,1.0,1.0
2020_Ref_Plot4_B95::83,Field1,1,1.0,1.0,1.0,1.0,1.0
2020_Ref_Plot4_B97::22,Field1,1,1.0,1.0,1.0,1.0,1.0
2020_Ref_Plot4_B97::28,Field1,1,1.0,1.0,1.0,1.0,1.0
2020_Ref_Plot4_B97::36,Field1,1,1.0,1.0,1.0,1.0,1.0
2020_Ref_Plot4_B97::42,Field1,1,1.0,1.0,1.0,1.0,1.0
2020_Ref_Plot4_B97::51,Field1,1,1.0,1.0,1.0,1.0,1.0
2020_Ref_Plot4_C91::22,Field1,1,1.0,1.0,1.0,1.0,1.0
2020_Ref_Plot4_C91::28,Field1,1,1.0,1.0,1.0,1.0,1.0
2020_Ref_Plot4_C91::36,Field1,1,1.0,1.0,1.0,1.0,1.0
2020_Ref_Plot4_C91::42,Field1,1,1.0,1.0,1.0,1.0,1.0
2020_Ref_Plot4_C91::51,Field1,1,1.0,1.0,1.0,1.0,1.0
2021_Ref_Plot1_A11::8,Field2,1,1.0,1.0,1.0,1.0,1.0
2021_Ref_Plot1_A11::16,Field2,1,1.0,1.0,1.0,1.0,1.0
2021_Ref_Plot1_A11::22,Field2,1,1.0,1.0,1.0,1.0,1.0
2021_Ref_Plot1_A11::27,Field2,1,1.0,1.0,1.0,1.0,1.0
2021_Ref_Plot1_A11::35,Field2,1,1.0,1.0,1.0,1.0,1.0
2021_Ref_Plot1_A11::44,Field2,1,1.0,1.0,1.0,1.0,1.0
2021_Ref_Plot1_A11::50,Field2,1,1.0,1.0,1.0,1.0,1.0
2021_Ref_Plot1_A11::57,Field2,1,1.0,1.0,1.0,1.0,1.0
2021_Ref_Plot1_A11::65,Field2,1,1.0,1.0,1.0,1.0,1.0
2021_Ref_Plot1_A11::69,Field2,1,1.0,1.0,1.0,1.0,1.0
2021_Ref_Plot1_A11::71,Field2,1,1.0,1.0,1.0,1.0,1.0
2021_Ref_Plot1_A11::76,Field2,1,1.0,1.0,1.0,1.0,1.0
2021_Ref_Plot1_A11::80,Field2,1,1.0,1.0,1.0,1.0,1.0
2021_Ref_Plot1_A11::85,Field2,1,1.0,1.0,1.0,1.0,1.0
2021_Ref_Plot1_A13::8,Field2,1,1.0,1.0,1.0,1.0,1.0
2021_Ref_Plot1_A13::16,Field2,1,1.0,1.0,1.0,1.0,1.0
2021_Ref_Plot1_A13::22,Field2,1,1.0,1.0,1.0,1.0,1.0
2021_Ref_Plot1_A13::27,Field2,1,1.0,1.0,1.0,1.0,1.0
2021_Ref_Plot1_A13::35,Field2,1,1.0,1.0,1.0,1.0,1.0
2021_Ref_Plot1_A13::44,Field2,1,1.0,1.0,1.0,1.0,1.0
2021_Ref_Plot1_A13::50,Field2,1,1.0,1.0,1.0,1.0,1.0
2021_Ref_Plot1_A13::57,Field2,1,1.0,1.0,1.0,1.0,1.0
2021_Ref_Plot1_A13::65,Field2,1,1.0,1.0,1.0,1.0,1.0
2021_Ref_Plot1_A13::69,Field2,1,1.0,1.0,1.0,1.0,1.0
2021_Ref_Plot1_A13::71,Field2,1,1.0,1.0,1.0,1.0,1.0
2021_Ref_Plot1_A13::76,Field2,1,1.0,1.0,1.0,1.0,1.0
2021_Ref_Plot1_A13::80,Field2,1,1.0,1.0,1.0,1.0,1.0
2021_Ref_Plot1_A13::85,Field2,1,1.0,1.0,1.0,1.0,1.0
2021_Ref_Plot1_A20::8,Field2,1,1.0,1.0,1.0,1.0,1.0
2021_Ref_Plot1_A20::16,Field2,1,1.0,1.0,1.0,1.0,1.0
2021_Ref_Plot1_A20::22,Field2,1,1.0,1.0,1.0,1.0,1.0
2021_Ref_Plot1_A20::27,Field2,1,1.0,1.0,1.0,1.0,1.0
2021_Ref_Plot1_A20::35,Field2,1,1.0,1.0,1.0,1.0,1.0
2021_Ref_Plot1_A20::44,Field2,1,1.0,1.0,1.0,1.0,1.0
2021_Ref_Plot1_A20::50,Field2,1,1.0,1.0,1.0,1.0,1.0
2021_Ref_Plot1_A20::57,Field2,1,1.0,1.0,1.0,1.0,1.0
2021_Ref_Plot1_A20::65,Field2,1,1.0,1.0,1.0,1.0,1.0
2021_Ref_Plot1_A20::69,Field2,1,1.0,1.0,1.0,1.0,1.0
2021_Ref_Plot1_A20::71,Field2,1,1.0,1.0,1.0,1.0,1.0
2021_Ref_Plot1_A20::76,Field2,1,1.0,1.0,1.0,1.0,1.0
2021_Ref_Plot1_A20::80,Field2,1,1.0,1.0,1.0,1.0,1.0
2021_Ref_Plot1_A20::85,Field2,1,1.0,1.0,1.0,1.0,1.0
2021_Ref_Plot1_A3::8,Field2,1,1.0,1.0,1.0,1.0,1.0
2021_Ref_Plot1_A3::16,Field2,1,1.0,1.0,1.0,1.0,1.0
2021_Ref_Plot1_A3::22,Field2,1,1.0,1.0,1.0,1.0,1.0
2021_Ref_Plot1_A3::27,Field2,1,1.0,1.0,1.0,1.0,1.0
2021_Ref_Plot1_A3::35,Field2,1,1.0,1.0,1.0,1.0,1.0
2021_Ref_Plot1_A3::44,Field2,1,1.0,1.0,1.0,1.0,1.0
2021_Ref_Plot1_A3::50,Field2,1,1.0,1.0,1.0,1.0,1.0
2021_Ref_Plot1_A3::57,Field2,1,1.0,1.0,1.0,1.0,1.0
2021_Ref_Plot1_A3::65,Field2,1,1.0,1.0,1.0,1.0,1.0
2021_Ref_Plot1_A3::69,Field2,1,1.0,1.0,1.0,1.0,1.0
2021_Ref_Plot1_A3::71,Field2,1,1.0,1.0,1.0,1.0,1.0
2021_Ref_Plot1_A3::76,Field2,1,1.0,1.0,1.0,1.0,1.0
2021_Ref_Plot1_A3::80,Field2,1,1.0,1.0,1.0,1.0,1.0
2021_Ref_Plot1_A3::85,Field2,1,1.0,1.0,1.0,1.0,1.0
2021_Ref_Plot1_B19::8,Field2,1,1.0,1.0,1.0,1.0,1.0
2021_Ref_Plot1_B19::16,Field2,1,1.0,1.0,1.0,1.0,1.0
2021_Ref_Plot1_B19::22,Field2,1,1.0,1.0,1.0,1.0,1.0
2021_Ref_Plot1_B19::27,Field2,1,1.0,1.0,1.0,1.0,1.0
2021_Ref_Plot1_B19::35,Field2,1,1.0,1.0,1.0,1.0,1.0
2021_Ref_Plot1_B19::44,Field2,1,1.0,1.0,1.0,1.0,1.0
2021_Ref_Plot1_B19::50,Field2,1,1.0,1.0,1.0,1.0,1.0
2021_Ref_Plot1_B19::57,Field2,1,1.0,1.0,1.0,1.0,1.0
2021_Ref_Plot1_B19::65,Field2,1,1.0,1.0,1.0,1.0,1.0
2021_Ref_Plot1_B19::69,Field2,1,1.0,1.0,1.0,1.0,1.0
2021_Ref_Plot1_B19::71,Field2,1,1.0,1.0,1.0,1.0,1.0
2021_Ref_Plot1_B19::76,Field2,1,1.0,1.0,1.0,1.0,1.0
2021_Ref_Plot1_B19::80,Field2,1,1.0,1.0,1.0,1.0,1.0
2021_Ref_Plot1_B19::85,Field2,1,1.0,1.0,1.0,1.0,1.0
2021_Ref_Plot1_B2::8,Field2,1,1.0,1.0,1.0,1.0,1.0
2021_Ref_Plot1_B2::16,Field2,1,1.0,1.0,1.0,1.0,1.0
2021_Ref_Plot1_B2::22,Field2,1,1.0,1.0,1.0,1.0,1.0
2021_Ref_Plot1_B2::27,Field2,1,1.0,1.0,1.0,1.0,1.0
2021_Ref_Plot1_B2::35,Field2,1,1.0,1.0,1.0,1.0,1.0
2021_Ref_Plot1_B2::44,Field2,1,1.0,1.0,1.0,1.0,1.0
2021_Ref_Plot1_B2::50,Field2,1,1.0,1.0,1.0,1.0,1.0
2021_Ref_Plot1_B2::57,Field2,1,1.0,1.0,1.0,1.0,1.0
2021_Ref_Plot1_B2::65,Field2,1,1.0,1.0,1.0,1.0,1.0
2021_Ref_Plot1_B2::69,Field2,1,1.0,1.0,1.0,1.0,1.0
2021_Ref_Plot1_B2::71,Field2,1,1.0,1.0,1.0,1.0,1.0
2021_Ref_Plot1_B2::76,Field2,1,1.0,1.0,1.0,1.0,1.0
2021_Ref_Plot1_B2::80,Field2,1,1.0,1.0,1.0,1.0,1.0
2021_Ref_Plot1_B2::85,Field2,1,1.0,1.0,1.0,1.0,1.0
2021_Ref_Plot1_B4::8,Field2,1,1.0,1.0,1.0,1.0,1.0
2021_Ref_Plot1_B4::16,Field2,1,1.0,1.0,1.0,1.0,1.0
2021_Ref_Plot1_B4::22,Field2,1,1.0,1.0,1.0,1.0,1.0
2021_Ref_Plot1_B4::27,Field2,1,1.0,1.0,1.0,1.0,1.0
2021_Ref_Plot1_B4::35,Field2,1,1.0,1.0,1.0,1.0,1.0
2021_Ref_Plot1_B4::44,Field2,1,1.0,1.0,1.0,1.0,1.0
2021_Ref_Plot1_B4::50,Field2,1,1.0,1.0,1.0,1.0,1.0
2021_Ref_Plot1_B4::57,Field2,1,1.0,1.0,1.0,1.0,1.0
2021_Ref_Plot1_B4::65,Field2,1,1.0,1.0,1.0,1.0,1.0
2021_Ref_Plot1_B4::69,Field2,1,1.0,1.0,1.0,1.0,1.0
2021_Ref_Plot1_B4::71,Field2,1,1.0,1.0,1.0,1.0,1.0
2021_Ref_Plot1_B4::76,Field2,1,1.0,1.0,1.0,1.0,1.0
2021_Ref_Plot1_B4::80,Field2,1,1.0,1.0,1.0,1.0,1.0
2021_Ref_Plot1_B4::85,Field2,1,1.0,1.0,1.0,1.0,1.0
2021_Ref_Plot1_B7::8,Field2,1,1.0,1.0,1.0,1.0,1.0
2021_Ref_Plot1_B7::16,Field2,1,1.0,1.0,1.0,1.0,1.0
2021_Ref_Plot1_B7::22,Field2,1,1.0,1.0,1.0,1.0,1.0
2021_Ref_Plot1_B7::27,Field2,1,1.0,1.0,1.0,1.0,1.0
2021_Ref_Plot1_B7::35,Field2,1,1.0,1.0,1.0,1.0,1.0
2021_Ref_Plot1_B7::44,Field2,1,1.0,1.0,1.0,1.0,1.0
2021_Ref_Plot1_B7::50,Field2,1,1.0,1.0,1.0,1.0,1.0
2021_Ref_Plot1_B7::57,Field2,1,1.0,1.0,1.0,1.0,1.0
2021_Ref_Plot1_B7::65,Field2,1,1.0,1.0,1.0,1.0,1.0
2021_Ref_Plot1_B7::69,Field2,1,1.0,1.0,1.0,1.0,1.0
2021_Ref_Plot1_B7::71,Field2,1,1.0,1.0,1.0,1.0,1.0
2021_Ref_Plot1_B7::85,Field2,1,1.0,1.0,1.0,1.0,1.0
2021_Ref_Plot1_C18::8,Field2,1,1.0,1.0,1.0,1.0,1.0
2021_Ref_Plot1_C18::16,Field2,1,1.0,1.0,1.0,1.0,1.0
2021_Ref_Plot1_C18::22,Field2,1,1.0,1.0,1.0,1.0,1.0
2021_Ref_Plot1_C18::27,Field2,1,1.0,1.0,1.0,1.0,1.0
2021_Ref_Plot1_C18::35,Field2,1,1.0,1.0,1.0,1.0,1.0
2021_Ref_Plot1_C18::44,Field2,1,1.0,1.0,1.0,1.0,1.0
2021_Ref_Plot1_C18::50,Field2,1,1.0,1.0,1.0,1.0,1.0
2021_Ref_Plot1_C18::57,Field2,1,1.0,1.0,1.0,1.0,1.0
2021_Ref_Plot1_C18::65,Field2,1,1.0,1.0,1.0,1.0,1.0
2021_Ref_Plot1_C18::69,Field2,1,1.0,1.0,1.0,1.0,1.0
2021_Ref_Plot1_C18::71,Field2,1,1.0,1.0,1.0,1.0,1.0
2021_Ref_Plot1_C18::76,Field2,1,1.0,1.0,1.0,1.0,1.0
2021_Ref_Plot1_C18::80,Field2,1,1.0,1.0,1.0,1.0,1.0
2021_Ref_Plot1_C18::85,Field2,1,1.0,1.0,1.0,1.0,1.0
2021_Ref_Plot1_C6::8,Field2,1,1.0,1.0,1.0,1.0,1.0
2021_Ref_Plot1_C6::16,Field2,1,1.0,1.0,1.0,1.0,1.0
2021_Ref_Plot1_C6::22,Field2,1,1.0,1.0,1.0,1.0,1.0
2021_Ref_Plot1_C6::27,Field2,1,1.0,1.0,1.0,1.0,1.0
2021_Ref_Plot1_C6::35,Field2,1,1.0,1.0,1.0,1.0,1.0
2021_Ref_Plot1_C6::44,Field2,1,1.0,1.0,1.0,1.0,1.0
2021_Ref_Plot1_C6::50,Field2,1,1.0,1.0,1.0,1.0,1.0
2021_Ref_Plot1_C6::57,Field2,1,1.0,1.0,1.0,1.0,1.0
2021_Ref_Plot1_C6::65,Field2,1,1.0,1.0,1.0,1.0,1.0
2021_Ref_Plot1_C6::69,Field2,1,1.0,1.0,1.0,1.0,1.0
2021_Ref_Plot1_C6::71,Field2,1,1.0,1.0,1.0,1.0,1.0
2021_Ref_Plot1_C6::76,Field2,1,1.0,1.0,1.0,1.0,1.0
2021_Ref_Plot1_C6::80,Field2,1,1.0,1.0,1.0,1.0,1.0
2021_Ref_Plot1_C6::85,Field2,1,1.0,1.0,1.0,1.0,1.0
2021_Ref_Plot1_D18::8,Field2,1,1.0,1.0,1.0,1.0,1.0
2021_Ref_Plot1_D18::16,Field2,1,1.0,1.0,1.0,1.0,1.0
2021_Ref_Plot1_D18::22,Field2,1,1.0,1.0,1.0,1.0,1.0
2021_Ref_Plot1_D18::27,Field2,1,1.0,1.0,1.0,1.0,1.0
2021_Ref_Plot1_D18::35,Field2,1,1.0,1.0,1.0,1.0,1.0
2021_Ref_Plot1_D18::44,Field2,1,1.0,1.0,1.0,1.0,1.0
2021_Ref_Plot1_D18::50,Field2,1,1.0,1.0,1.0,1.0,1.0
2021_Ref_Plot1_D18::57,Field2,1,1.0,1.0,1.0,1.0,1.0
2021_Ref_Plot1_D18::65,Field2,1,1.0,1.0,1.0,1.0,1.0
2021_Ref_Plot1_D18::69,Field2,1,1.0,1.0,1.0,1.0,1.0
2021_Ref_Plot1_D18::71,Field2,1,1.0,1.0,1.0,1.0,1.0
2021_Ref_Plot1_D18::76,Field2,1,1.0,1.0,1.0,1.0,1.0
2021_Ref_Plot1_D18::80,Field2,1,1.0,1.0,1.0,1.0,1.0
2021_Ref_Plot1_D18::85,Field2,1,1.0,1.0,1.0,1.0,1.0
2021_Ref_Plot1_D4::8,Field2,1,1.0,1.0,1.0,1.0,1.0
2021_Ref_Plot1_D4::16,Field2,1,1.0,1.0,1.0,1.0,1.0
2021_Ref_Plot1_D4::22,Field2,1,1.0,1.0,1.0,1.0,1.0
2021_Ref_Plot1_D4::27,Field2,1,1.0,1.0,1.0,1.0,1.0
2021_Ref_Plot1_D4::35,Field2,1,1.0,1.0,1.0,1.0,1.0
2021_Ref_Plot1_D4::44,Field2,1,1.0,1.0,1.0,1.0,1.0
2021_Ref_Plot1_D4::50,Field2,1,1.0,1.0,1.0,1.0,1.0
2021_Ref_Plot1_D4::57,Field2,1,1.0,1.0,1.0,1.0,1.0
2021_Ref_Plot1_D4::65,Field2,1,1.0,1.0,1.0,1.0,1.0
2021_Ref_Plot1_D4::69,Field2,1,1.0,1.0,1.0,1.0,1.0
2021_Ref_Plot1_D4::71,Field2,1,1.0,1.0,1.0,1.0,1.0
2021_Ref_Plot1_D4::76,Field2,1,1.0,1.0,1.0,1.0,1.0
2021_Ref_Plot1_D4::80,Field2,1,1.0,1.0,1.0,1.0,1.0
2021_Ref_Plot1_D4::85,Field2,1,1.0,1.0,1.0,1.0,1.0
2021_Ref_Plot1_D6::8,Field2,1,1.0,1.0,1.0,1.0,1.0
2021_Ref_Plot1_D6::16,Field2,1,1.0,1.0,1.0,1.0,1.0
2021_Ref_Plot1_D6::22,Field2,1,1.0,1.0,1.0,1.0,1.0
2021_Ref_Plot1_D6::27,Field2,1,1.0,1.0,1.0,1.0,1.0
2021_Ref_Plot1_D6::35,Field2,1,1.0,1.0,1.0,1.0,1.0
2021_Ref_Plot1_D6::44,Field2,1,1.0,1.0,1.0,1.0,1.0
2021_Ref_Plot1_D6::50,Field2,1,1.0,1.0,1.0,1.0,1.0
2021_Ref_Plot1_D6::57,Field2,1,1.0,1.0,1.0,1.0,1.0
2021_Ref_Plot1_D6::65,Field2,1,1.0,1.0,1.0,1.0,1.0
2021_Ref_Plot1_D6::69,Field2,1,1.0,1.0,1.0,1.0,1.0
2021_Ref_Plot1_D6::71,Field2,1,1.0,1.0,1.0,1.0,1.0
2021_Ref_Plot1_D6::76,Field2,1,1.0,1.0,1.0,1.0,1.0
2021_Ref_Plot1_D6::80,Field2,1,1.0,1.0,1.0,1.0,1.0
2021_Ref_Plot1_D6::85,Field2,1,1.0,1.0,1.0,1.0,1.0
2021_Ref_Plot1_E2::8,Field2,1,1.0,1.0,1.0,1.0,1.0
2021_Ref_Plot1_E2::16,Field2,1,1.0,1.0,1.0,1.0,1.0
2021_Ref_Plot1_E2::22,Field2,1,1.0,1.0,1.0,1.0,1.0
2021_Ref_Plot1_E2::27,Field2,1,1.0,1.0,1.0,1.0,1.0
2021_Ref_Plot1_E2::35,Field2,1,1.0,1.0,1.0,1.0,1.0
2021_Ref_Plot1_E2::44,Field2,1,1.0,1.0,1.0,1.0,1.0
2021_Ref_Plot1_E2::50,Field2,1,1.0,1.0,1.0,1.0,1.0
2021_Ref_Plot1_E2::57,Field2,1,1.0,1.0,1.0,1.0,1.0
2021_Ref_Plot1_E2::65,Field2,1,1.0,1.0,1.0,1.0,1.0
2021_Ref_Plot1_E2::69,Field2,1,1.0,1.0,1.0,1.0,1.0
2021_Ref_Plot1_E2::71,Field2,1,1.0,1.0,1.0,1.0,1.0
2021_Ref_Plot1_E2::76,Field2,1,1.0,1.0,1.0,1.0,1.0
2021_Ref_Plot1_E2::80,Field2,1,1.0,1.0,1.0,1.0,1.0
2021_Ref_Plot1_E2::85,Field2,1,1.0,1.0,1.0,1.0,1.0
2021_Ref_Plot1_E8::8,Field2,1,1.0,1.0,1.0,1.0,1.0
2021_Ref_Plot1_E8::16,Field2,1,1.0,1.0,1.0,1.0,1.0
2021_Ref_Plot1_E8::22,Field2,1,1.0,1.0,1.0,1.0,1.0
2021_Ref_Plot1_E8::27,Field2,1,1.0,1.0,1.0,1.0,1.0
2021_Ref_Plot1_E8::35,Field2,1,1.0,1.0,1.0,1.0,1.0
2021_Ref_Plot1_E8::44,Field2,1,1.0,1.0,1.0,1.0,1.0
2021_Ref_Plot1_E8::50,Field2,1,1.0,1.0,1.0,1.0,1.0
2021_Ref_Plot1_E8::57,Field2,1,1.0,1.0,1.0,1.0,1.0
2021_Ref_Plot1_E8::65,Field2,1,1.0,1.0,1.0,1.0,1.0
2021_Ref_Plot1_E8::69,Field2,1,1.0,1.0,1.0,1.0,1.0
2021_Ref_Plot1_E8::71,Field2,1,1.0,1.0,1.0,1.0,1.0
2021_Ref_Plot1_E8::76,Field2,1,1.0,1.0,1.0,1.0,1.0
2021_Ref_Plot1_E8::80,Field2,1,1.0,1.0,1.0,1.0,1.0
2021_Ref_Plot1_E8::85,Field2,1,1.0,1.0,1.0,1.0,1.0
2021_Ref_Plot2_A1::8,Field2,1,1.0,1.0,1.0,1.0,1.0
2021_Ref_Plot2_A1::16,Field2,1,1.0,1.0,1.0,1.0,1.0
2021_Ref_Plot2_A1::22,Field2,1,1.0,1.0,1.0,1.0,1.0
2021_Ref_Plot2_A1::27,Field2,1,1.0,1.0,1.0,1.0,1.0
2021_Ref_Plot2_A1::35,Field2,1,1.0,1.0,1.0,1.0,1.0
2021_Ref_Plot2_A1::44,Field2,1,1.0,1.0,1.0,1.0,1.0
2021_Ref_Plot2_A1::50,Field2,1,1.0,1.0,1.0,1.0,1.0
2021_Ref_Plot2_A1::57,Field2,1,1.0,1.0,1.0,1.0,1.0
2021_Ref_Plot2_A1::65,Field2,1,1.0,1.0,1.0,1.0,1.0
2021_Ref_Plot2_A1::69,Field2,1,1.0,1.0,1.0,1.0,1.0
2021_Ref_Plot2_A1::71,Field2,1,1.0,1.0,1.0,1.0,1.0
2021_Ref_Plot2_A1::76,Field2,1,1.0,1.0,1.0,1.0,1.0
2021_Ref_Plot2_A1::80,Field2,1,1.0,1.0,1.0,1.0,1.0
2021_Ref_Plot2_A1::85,Field2,1,1.0,1.0,1.0,1.0,1.0
2021_Ref_Plot2_A13::8,Field2,1,1.0,1.0,1.0,1.0,1.0
2021_Ref_Plot2_A13::16,Field2,1,1.0,1.0,1.0,1.0,1.0
2021_Ref_Plot2_A13::22,Field2,1,1.0,1.0,1.0,1.0,1.0
2021_Ref_Plot2_A13::27,Field2,1,1.0,1.0,1.0,1.0,1.0
2021_Ref_Plot2_A13::35,Field2,1,1.0,1.0,1.0,1.0,1.0
2021_Ref_Plot2_A13::44,Field2,1,1.0,1.0,1.0,1.0,1.0
2021_Ref_Plot2_A13::50,Field2,1,1.0,1.0,1.0,1.0,1.0
2021_Ref_Plot2_A13::57,Field2,1,1.0,1.0,1.0,1.0,1.0
2021_Ref_Plot2_A13::65,Field2,1,1.0,1.0,1.0,1.0,1.0
2021_Ref_Plot2_A13::69,Field2,1,1.0,1.0,1.0,1.0,1.0
2021_Ref_Plot2_A13::71,Field2,1,1.0,1.0,1.0,1.0,1.0
2021_Ref_Plot2_A13::76,Field2,1,1.0,1.0,1.0,1.0,1.0
2021_Ref_Plot2_A13::80,Field2,1,1.0,1.0,1.0,1.0,1.0
2021_Ref_Plot2_A13::85,Field2,1,1.0,1.0,1.0,1.0,1.0
2021_Ref_Plot2_A15::8,Field2,1,1.0,1.0,1.0,1.0,1.0
2021_Ref_Plot2_A15::16,Field2,1,1.0,1.0,1.0,1.0,1.0
2021_Ref_Plot2_A15::22,Field2,1,1.0,1.0,1.0,1.0,1.0
2021_Ref_Plot2_A15::27,Field2,1,1.0,1.0,1.0,1.0,1.0
2021_Ref_Plot2_A15::35,Field2,1,1.0,1.0,1.0,1.0,1.0
2021_Ref_Plot2_A15::44,Field2,1,1.0,1.0,1.0,1.0,1.0
2021_Ref_Plot2_A15::50,Field2,1,1.0,1.0,1.0,1.0,1.0
2021_Ref_Plot2_A15::57,Field2,1,1.0,1.0,1.0,1.0,1.0
2021_Ref_Plot2_A15::65,Field2,1,1.0,1.0,1.0,1.0,1.0
2021_Ref_Plot2_A15::69,Field2,1,1.0,1.0,1.0,1.0,1.0
2021_Ref_Plot2_A15::71,Field2,1,1.0,1.0,1.0,1.0,1.0
2021_Ref_Plot2_A15::76,Field2,1,1.0,1.0,1.0,1.0,1.0
2021_Ref_Plot2_A15::80,Field2,1,1.0,1.0,1.0,1.0,1.0
2021_Ref_Plot2_A15::85,Field2,1,1.0,1.0,1.0,1.0,1.0
2021_Ref_Plot2_B17::8,Field2,1,1.0,1.0,1.0,1.0,1.0
2021_Ref_Plot2_B17::16,Field2,1,1.0,1.0,1.0,1.0,1.0
2021_Ref_Plot2_B17::22,Field2,1,1.0,1.0,1.0,1.0,1.0
2021_Ref_Plot2_B17::27,Field2,1,1.0,1.0,1.0,1.0,1.0
2021_Ref_Plot2_B17::35,Field2,1,1.0,1.0,1.0,1.0,1.0
2021_Ref_Plot2_B17::44,Field2,1,1.0,1.0,1.0,1.0,1.0
2021_Ref_Plot2_B17::50,Field2,1,1.0,1.0,1.0,1.0,1.0
2021_Ref_Plot2_B17::57,Field2,1,1.0,1.0,1.0,1.0,1.0
2021_Ref_Plot2_B17::65,Field2,1,1.0,1.0,1.0,1.0,1.0
2021_Ref_Plot2_B17::69,Field2,1,1.0,1.0,1.0,1.0,1.0
2021_Ref_Plot2_B17::71,Field2,1,1.0,1.0,1.0,1.0,1.0
2021_Ref_Plot2_B17::76,Field2,1,1.0,1.0,1.0,1.0,1.0
2021_Ref_Plot2_B17::80,Field2,1,1.0,1.0,1.0,1.0,1.0
2021_Ref_Plot2_B17::85,Field2,1,1.0,1.0,1.0,1.0,1.0
2021_Ref_Plot2_B4::8,Field2,1,1.0,1.0,1.0,1.0,1.0
2021_Ref_Plot2_B4::16,Field2,1,1.0,1.0,1.0,1.0,1.0
2021_Ref_Plot2_B4::22,Field2,1,1.0,1.0,1.0,1.0,1.0
2021_Ref_Plot2_B4::27,Field2,1,1.0,1.0,1.0,1.0,1.0
2021_Ref_Plot2_B4::35,Field2,1,1.0,1.0,1.0,1.0,1.0
2021_Ref_Plot2_B4::44,Field2,1,1.0,1.0,1.0,1.0,1.0
2021_Ref_Plot2_B4::50,Field2,1,1.0,1.0,1.0,1.0,1.0
2021_Ref_Plot2_B4::57,Field2,1,1.0,1.0,1.0,1.0,1.0
2021_Ref_Plot2_B4::65,Field2,1,1.0,1.0,1.0,1.0,1.0
2021_Ref_Plot2_B4::69,Field2,1,1.0,1.0,1.0,1.0,1.0
2021_Ref_Plot2_B4::71,Field2,1,1.0,1.0,1.0,1.0,1.0
2021_Ref_Plot2_B4::76,Field2,1,1.0,1.0,1.0,1.0,1.0
2021_Ref_Plot2_B4::80,Field2,1,1.0,1.0,1.0,1.0,1.0
2021_Ref_Plot2_B4::85,Field2,1,1.0,1.0,1.0,1.0,1.0
2021_Ref_Plot2_C1::8,Field2,1,1.0,1.0,1.0,1.0,1.0
2021_Ref_Plot2_C1::16,Field2,1,1.0,1.0,1.0,1.0,1.0
2021_Ref_Plot2_C1::22,Field2,1,1.0,1.0,1.0,1.0,1.0
2021_Ref_Plot2_C1::27,Field2,1,1.0,1.0,1.0,1.0,1.0
2021_Ref_Plot2_C1::35,Field2,1,1.0,1.0,1.0,1.0,1.0
2021_Ref_Plot2_C1::44,Field2,1,1.0,1.0,1.0,1.0,1.0
2021_Ref_Plot2_C1::50,Field2,1,1.0,1.0,1.0,1.0,1.0
2021_Ref_Plot2_C1::57,Field2,1,1.0,1.0,1.0,1.0,1.0
2021_Ref_Plot2_C1::65,Field2,1,1.0,1.0,1.0,1.0,1.0
2021_Ref_Plot2_C1::69,Field2,1,1.0,1.0,1.0,1.0,1.0
2021_Ref_Plot2_C1::71,Field2,1,1.0,1.0,1.0,1.0,1.0
2021_Ref_Plot2_C1::76,Field2,1,1.0,1.0,1.0,1.0,1.0
2021_Ref_Plot2_C1::80,Field2,1,1.0,1.0,1.0,1.0,1.0
2021_Ref_Plot2_C1::85,Field2,1,1.0,1.0,1.0,1.0,1.0
2021_Ref_Plot2_C10::8,Field2,1,1.0,1.0,1.0,1.0,1.0
2021_Ref_Plot2_C10::16,Field2,1,1.0,1.0,1.0,1.0,1.0
2021_Ref_Plot2_C10::22,Field2,1,1.0,1.0,1.0,1.0,1.0
2021_Ref_Plot2_C10::27,Field2,1,1.0,1.0,1.0,1.0,1.0
2021_Ref_Plot2_C10::35,Field2,1,1.0,1.0,1.0,1.0,1.0
2021_Ref_Plot2_C10::44,Field2,1,1.0,1.0,1.0,1.0,1.0
2021_Ref_Plot2_C10::50,Field2,1,1.0,1.0,1.0,1.0,1.0
2021_Ref_Plot2_C10::57,Field2,1,1.0,1.0,1.0,1.0,1.0
2021_Ref_Plot2_C10::65,Field2,1,1.0,1.0,1.0,1.0,1.0
2021_Ref_Plot2_C10::69,Field2,1,1.0,1.0,1.0,1.0,1.0
2021_Ref_Plot2_C10::71,Field2,1,1.0,1.0,1.0,1.0,1.0
2021_Ref_Plot2_C10::76,Field2,1,1.0,1.0,1.0,1.0,1.0
2021_Ref_Plot2_C10::80,Field2,1,1.0,1.0,1.0,1.0,1.0
2021_Ref_Plot2_C10::85,Field2,1,1.0,1.0,1.0,1.0,1.0
2021_Ref_Plot2_C16::8,Field2,1,1.0,1.0,1.0,1.0,1.0
2021_Ref_Plot2_C16::16,Field2,1,1.0,1.0,1.0,1.0,1.0
2021_Ref_Plot2_C16::22,Field2,1,1.0,1.0,1.0,1.0,1.0
2021_Ref_Plot2_C16::27,Field2,1,1.0,1.0,1.0,1.0,1.0
2021_Ref_Plot2_C16::35,Field2,1,1.0,1.0,1.0,1.0,1.0
2021_Ref_Plot2_C16::44,Field2,1,1.0,1.0,1.0,1.0,1.0
2021_Ref_Plot2_C16::50,Field2,1,1.0,1.0,1.0,1.0,1.0
2021_Ref_Plot2_C16::57,Field2,1,1.0,1.0,1.0,1.0,1.0
2021_Ref_Plot2_C16::65,Field2,1,1.0,1.0,1.0,1.0,1.0
2021_Ref_Plot2_C16::69,Field2,1,1.0,1.0,1.0,1.0,1.0
2021_Ref_Plot2_C16::71,Field2,1,1.0,1.0,1.0,1.0,1.0
2021_Ref_Plot2_C16::76,Field2,1,1.0,1.0,1.0,1.0,1.0
2021_Ref_Plot2_C16::80,Field2,1,1.0,1.0,1.0,1.0,1.0
2021_Ref_Plot2_C16::85,Field2,1,1.0,1.0,1.0,1.0,1.0
2021_Ref_Plot2_C18::8,Field2,1,1.0,1.0,1.0,1.0,1.0
2021_Ref_Plot2_C18::16,Field2,1,1.0,1.0,1.0,1.0,1.0
2021_Ref_Plot2_C18::22,Field2,1,1.0,1.0,1.0,1.0,1.0
2021_Ref_Plot2_C18::27,Field2,1,1.0,1.0,1.0,1.0,1.0
2021_Ref_Plot2_C18::35,Field2,1,1.0,1.0,1.0,1.0,1.0
2021_Ref_Plot2_C18::44,Field2,1,1.0,1.0,1.0,1.0,1.0
2021_Ref_Plot2_C18::50,Field2,1,1.0,1.0,1.0,1.0,1.0
2021_Ref_Plot2_C18::57,Field2,1,1.0,1.0,1.0,1.0,1.0
2021_Ref_Plot2_C18::65,Field2,1,1.0,1.0,1.0,1.0,1.0
2021_Ref_Plot2_C18::69,Field2,1,1.0,1.0,1.0,1.0,1.0
2021_Ref_Plot2_C18::71,Field2,1,1.0,1.0,1.0,1.0,1.0
2021_Ref_Plot2_C18::76,Field2,1,1.0,1.0,1.0,1.0,1.0
2021_Ref_Plot2_C18::80,Field2,1,1.0,1.0,1.0,1.0,1.0
2021_Ref_Plot2_C18::85,Field2,1,1.0,1.0,1.0,1.0,1.0
2021_Ref_Plot2_C2::8,Field2,1,1.0,1.0,1.0,1.0,1.0
2021_Ref_Plot2_C2::16,Field2,1,1.0,1.0,1.0,1.0,1.0
2021_Ref_Plot2_C2::22,Field2,1,1.0,1.0,1.0,1.0,1.0
2021_Ref_Plot2_C2::27,Field2,1,1.0,1.0,1.0,1.0,1.0
2021_Ref_Plot2_C2::35,Field2,1,1.0,1.0,1.0,1.0,1.0
2021_Ref_Plot2_C2::44,Field2,1,1.0,1.0,1.0,1.0,1.0
2021_Ref_Plot2_C2::50,Field2,1,1.0,1.0,1.0,1.0,1.0
2021_Ref_Plot2_C2::57,Field2,1,1.0,1.0,1.0,1.0,1.0
2021_Ref_Plot2_C2::65,Field2,1,1.0,1.0,1.0,1.0,1.0
2021_Ref_Plot2_C2::69,Field2,1,1.0,1.0,1.0,1.0,1.0
2021_Ref_Plot2_C2::71,Field2,1,1.0,1.0,1.0,1.0,1.0
2021_Ref_Plot2_C2::76,Field2,1,1.0,1.0,1.0,1.0,1.0
2021_Ref_Plot2_C2::80,Field2,1,1.0,1.0,1.0,1.0,1.0
2021_Ref_Plot2_C2::85,Field2,1,1.0,1.0,1.0,1.0,1.0
2021_Ref_Plot2_C3::8,Field2,1,1.0,1.0,1.0,1.0,1.0
2021_Ref_Plot2_C3::16,Field2,1,1.0,1.0,1.0,1.0,1.0
2021_Ref_Plot2_C3::22,Field2,1,1.0,1.0,1.0,1.0,1.0
2021_Ref_Plot2_C3::27,Field2,1,1.0,1.0,1.0,1.0,1.0
2021_Ref_Plot2_C3::35,Field2,1,1.0,1.0,1.0,1.0,1.0
2021_Ref_Plot2_C3::44,Field2,1,1.0,1.0,1.0,1.0,1.0
2021_Ref_Plot2_C3::50,Field2,1,1.0,1.0,1.0,1.0,1.0
2021_Ref_Plot2_C3::57,Field2,1,1.0,1.0,1.0,1.0,1.0
2021_Ref_Plot2_C3::65,Field2,1,1.0,1.0,1.0,1.0,1.0
2021_Ref_Plot2_C3::69,Field2,1,1.0,1.0,1.0,1.0,1.0
2021_Ref_Plot2_C3::71,Field2,1,1.0,1.0,1.0,1.0,1.0
2021_Ref_Plot2_C3::76,Field2,1,1.0,1.0,1.0,1.0,1.0
2021_Ref_Plot2_C3::80,Field2,1,1.0,1.0,1.0,1.0,1.0
2021_Ref_Plot2_C3::85,Field2,1,1.0,1.0,1.0,1.0,1.0
2021_Ref_Plot2_D12::8,Field2,1,1.0,1.0,1.0,1.0,1.0
2021_Ref_Plot2_D12::16,Field2,1,1.0,1.0,1.0,1.0,1.0
2021_Ref_Plot2_D12::22,Field2,1,1.0,1.0,1.0,1.0,1.0
2021_Ref_Plot2_D12::27,Field2,1,1.0,1.0,1.0,1.0,1.0
2021_Ref_Plot2_D12::35,Field2,1,1.0,1.0,1.0,1.0,1.0
2021_Ref_Plot2_D12::44,Field2,1,1.0,1.0,1.0,1.0,1.0
2021_Ref_Plot2_D12::50,Field2,1,1.0,1.0,1.0,1.0,1.0
2021_Ref_Plot2_D12::57,Field2,1,1.0,1.0,1.0,1.0,1.0
2021_Ref_Plot2_D12::65,Field2,1,1.0,1.0,1.0,1.0,1.0
2021_Ref_Plot2_D12::69,Field2,1,1.0,1.0,1.0,1.0,1.0
2021_Ref_Plot2_D12::71,Field2,1,1.0,1.0,1.0,1.0,1.0
2021_Ref_Plot2_D12::76,Field2,1,1.0,1.0,1.0,1.0,1.0
2021_Ref_Plot2_D12::80,Field2,1,1.0,1.0,1.0,1.0,1.0
2021_Ref_Plot2_D12::85,Field2,1,1.0,1.0,1.0,1.0,1.0
2021_Ref_Plot2_D5::8,Field2,1,1.0,1.0,1.0,1.0,1.0
2021_Ref_Plot2_D5::16,Field2,1,1.0,1.0,1.0,1.0,1.0
2021_Ref_Plot2_D5::22,Field2,1,1.0,1.0,1.0,1.0,1.0
2021_Ref_Plot2_D5::27,Field2,1,1.0,1.0,1.0,1.0,1.0
2021_Ref_Plot2_D5::35,Field2,1,1.0,1.0,1.0,1.0,1.0
2021_Ref_Plot2_D5::44,Field2,1,1.0,1.0,1.0,1.0,1.0
2021_Ref_Plot2_D5::50,Field2,1,1.0,1.0,1.0,1.0,1.0
2021_Ref_Plot2_D5::57,Field2,1,1.0,1.0,1.0,1.0,1.0
2021_Ref_Plot2_D5::65,Field2,1,1.0,1.0,1.0,1.0,1.0
2021_Ref_Plot2_D5::69,Field2,1,1.0,1.0,1.0,1.0,1.0
2021_Ref_Plot2_D5::71,Field2,1,1.0,1.0,1.0,1.0,1.0
2021_Ref_Plot2_D5::76,Field2,1,1.0,1.0,1.0,1.0,1.0
2021_Ref_Plot2_D5::80,Field2,1,1.0,1.0,1.0,1.0,1.0
2021_Ref_Plot2_D5::85,Field2,1,1.0,1.0,1.0,1.0,1.0
2021_Ref_Plot2_E1::8,Field2,1,1.0,1.0,1.0,1.0,1.0
2021_Ref_Plot2_E1::16,Field2,1,1.0,1.0,1.0,1.0,1.0
2021_Ref_Plot2_E1::22,Field2,1,1.0,1.0,1.0,1.0,1.0
2021_Ref_Plot2_E1::27,Field2,1,1.0,1.0,1.0,1.0,1.0
2021_Ref_Plot2_E1::35,Field2,1,1.0,1.0,1.0,1.0,1.0
2021_Ref_Plot2_E1::44,Field2,1,1.0,1.0,1.0,1.0,1.0
2021_Ref_Plot2_E1::50,Field2,1,1.0,1.0,1.0,1.0,1.0
2021_Ref_Plot2_E1::57,Field2,1,1.0,1.0,1.0,1.0,1.0
2021_Ref_Plot2_E1::65,Field2,1,1.0,1.0,1.0,1.0,1.0
2021_Ref_Plot2_E1::69,Field2,1,1.0,1.0,1.0,1.0,1.0
2021_Ref_Plot2_E1::71,Field2,1,1.0,1.0,1.0,1.0,1.0
2021_Ref_Plot2_E1::76,Field2,1,1.0,1.0,1.0,1.0,1.0
2021_Ref_Plot2_E1::80,Field2,1,1.0,1.0,1.0,1.0,1.0
2021_Ref_Plot2_E1::85,Field2,1,1.0,1.0,1.0,1.0,1.0
2021_Ref_Plot2_E18::8,Field2,1,1.0,1.0,1.0,1.0,1.0
2021_Ref_Plot2_E18::16,Field2,1,1.0,1.0,1.0,1.0,1.0
2021_Ref_Plot2_E18::22,Field2,1,1.0,1.0,1.0,1.0,1.0
2021_Ref_Plot2_E18::27,Field2,1,1.0,1.0,1.0,1.0,1.0
2021_Ref_Plot2_E18::35,Field2,1,1.0,1.0,1.0,1.0,1.0
2021_Ref_Plot2_E18::44,Field2,1,1.0,1.0,1.0,1.0,1.0
2021_Ref_Plot2_E18::50,Field2,1,1.0,1.0,1.0,1.0,1.0
2021_Ref_Plot2_E18::57,Field2,1,1.0,1.0,1.0,1.0,1.0
2021_Ref_Plot2_E18::65,Field2,1,1.0,1.0,1.0,1.0,1.0
2021_Ref_Plot2_E18::69,Field2,1,1.0,1.0,1.0,1.0,1.0
2021_Ref_Plot2_E18::71,Field2,1,1.0,1.0,1.0,1.0,1.0
2021_Ref_Plot2_E18::76,Field2,1,1.0,1.0,1.0,1.0,1.0
2021_Ref_Plot2_E18::80,Field2,1,1.0,1.0,1.0,1.0,1.0
2021_Ref_Plot2_E18::85,Field2,1,1.0,1.0,1.0,1.0,1.0
2021_Ref_Plot2_E7::8,Field2,1,1.0,1.0,1.0,1.0,1.0
2021_Ref_Plot2_E7::16,Field2,1,1.0,1.0,1.0,1.0,1.0
2021_Ref_Plot2_E7::22,Field2,1,1.0,1.0,1.0,1.0,1.0
2021_Ref_Plot2_E7::27,Field2,1,1.0,1.0,1.0,1.0,1.0
2021_Ref_Plot2_E7::35,Field2,1,1.0,1.0,1.0,1.0,1.0
2021_Ref_Plot2_E7::44,Field2,1,1.0,1.0,1.0,1.0,1.0
2021_Ref_Plot2_E7::50,Field2,1,1.0,1.0,1.0,1.0,1.0
2021_Ref_Plot2_E7::57,Field2,1,1.0,1.0,1.0,1.0,1.0
2021_Ref_Plot2_E7::65,Field2,1,1.0,1.0,1.0,1.0,1.0
2021_Ref_Plot2_E7::69,Field2,1,1.0,1.0,1.0,1.0,1.0
2021_Ref_Plot2_E7::71,Field2,1,1.0,1.0,1.0,1.0,1.0
2021_Ref_Plot2_E7::76,Field2,1,1.0,1.0,1.0,1.0,1.0
2021_Ref_Plot2_E7::80,Field2,1,1.0,1.0,1.0,1.0,1.0
2021_Ref_Plot2_E7::85,Field2,1,1.0,1.0,1.0,1.0,1.0
2021_Ref_Plot3_A6::8,Field2,1,1.0,1.0,1.0,1.0,1.0
2021_Ref_Plot3_A6::16,Field2,1,1.0,1.0,1.0,1.0,1.0
2021_Ref_Plot3_A6::22,Field2,1,1.0,1.0,1.0,1.0,1.0
2021_Ref_Plot3_A6::27,Field2,1,1.0,1.0,1.0,1.0,1.0
2021_Ref_Plot3_A6::35,Field2,1,1.0,1.0,1.0,1.0,1.0
2021_Ref_Plot3_A6::44,Field2,1,1.0,1.0,1.0,1.0,1.0
2021_Ref_Plot3_A6::50,Field2,1,1.0,1.0,1.0,1.0,1.0
2021_Ref_Plot3_A6::57,Field2,1,1.0,1.0,1.0,1.0,1.0
2021_Ref_Plot3_A6::65,Field2,1,1.0,1.0,1.0,1.0,1.0
2021_Ref_Plot3_A6::69,Field2,1,1.0,1.0,1.0,1.0,1.0
2021_Ref_Plot3_A6::71,Field2,1,1.0,1.0,1.0,1.0,1.0
2021_Ref_Plot3_A6::76,Field2,1,1.0,1.0,1.0,1.0,1.0
2021_Ref_Plot3_A6::80,Field2,1,1.0,1.0,1.0,1.0,1.0
2021_Ref_Plot3_A6::85,Field2,1,1.0,1.0,1.0,1.0,1.0
2021_Ref_Plot3_A7::8,Field2,1,1.0,1.0,1.0,1.0,1.0
2021_Ref_Plot3_A7::16,Field2,1,1.0,1.0,1.0,1.0,1.0
2021_Ref_Plot3_A7::22,Field2,1,1.0,1.0,1.0,1.0,1.0
2021_Ref_Plot3_A7::27,Field2,1,1.0,1.0,1.0,1.0,1.0
2021_Ref_Plot3_A7::35,Field2,1,1.0,1.0,1.0,1.0,1.0
2021_Ref_Plot3_A7::44,Field2,1,1.0,1.0,1.0,1.0,1.0
2021_Ref_Plot3_A7::50,Field2,1,1.0,1.0,1.0,1.0,1.0
2021_Ref_Plot3_A7::57,Field2,1,1.0,1.0,1.0,1.0,1.0
2021_Ref_Plot3_A7::65,Field2,1,1.0,1.0,1.0,1.0,1.0
2021_Ref_Plot3_A7::69,Field2,1,1.0,1.0,1.0,1.0,1.0
2021_Ref_Plot3_A7::71,Field2,1,1.0,1.0,1.0,1.0,1.0
2021_Ref_Plot3_A7::76,Field2,1,1.0,1.0,1.0,1.0,1.0
2021_Ref_Plot3_A7::80,Field2,1,1.0,1.0,1.0,1.0,1.0
2021_Ref_Plot3_A7::85,Field2,1,1.0,1.0,1.0,1.0,1.0
2021_Ref_Plot3_B1::8,Field2,1,1.0,1.0,1.0,1.0,1.0
2021_Ref_Plot3_B1::16,Field2,1,1.0,1.0,1.0,1.0,1.0
2021_Ref_Plot3_B1::22,Field2,1,1.0,1.0,1.0,1.0,1.0
2021_Ref_Plot3_B1::27,Field2,1,1.0,1.0,1.0,1.0,1.0
2021_Ref_Plot3_B1::35,Field2,1,1.0,1.0,1.0,1.0,1.0
2021_Ref_Plot3_B1::44,Field2,1,1.0,1.0,1.0,1.0,1.0
2021_Ref_Plot3_B1::50,Field2,1,1.0,1.0,1.0,1.0,1.0
2021_Ref_Plot3_B1::57,Field2,1,1.0,1.0,1.0,1.0,1.0
2021_Ref_Plot3_B1::65,Field2,1,1.0,1.0,1.0,1.0,1.0
2021_Ref_Plot3_B1::69,Field2,1,1.0,1.0,1.0,1.0,1.0
2021_Ref_Plot3_B1::71,Field2,1,1.0,1.0,1.0,1.0,1.0
2021_Ref_Plot3_B1::76,Field2,1,1.0,1.0,1.0,1.0,1.0
2021_Ref_Plot3_B1::80,Field2,1,1.0,1.0,1.0,1.0,1.0
2021_Ref_Plot3_B1::85,Field2,1,1.0,1.0,1.0,1.0,1.0
2021_Ref_Plot3_B10::8,Field2,1,1.0,1.0,1.0,1.0,1.0
2021_Ref_Plot3_B10::16,Field2,1,1.0,1.0,1.0,1.0,1.0
2021_Ref_Plot3_B10::22,Field2,1,1.0,1.0,1.0,1.0,1.0
2021_Ref_Plot3_B10::27,Field2,1,1.0,1.0,1.0,1.0,1.0
2021_Ref_Plot3_B10::35,Field2,1,1.0,1.0,1.0,1.0,1.0
2021_Ref_Plot3_B10::44,Field2,1,1.0,1.0,1.0,1.0,1.0
2021_Ref_Plot3_B10::50,Field2,1,1.0,1.0,1.0,1.0,1.0
2021_Ref_Plot3_B10::57,Field2,1,1.0,1.0,1.0,1.0,1.0
2021_Ref_Plot3_B10::65,Field2,1,1.0,1.0,1.0,1.0,1.0
2021_Ref_Plot3_B10::69,Field2,1,1.0,1.0,1.0,1.0,1.0
2021_Ref_Plot3_B10::71,Field2,1,1.0,1.0,1.0,1.0,1.0
2021_Ref_Plot3_B10::76,Field2,1,1.0,1.0,1.0,1.0,1.0
2021_Ref_Plot3_B10::80,Field2,1,1.0,1.0,1.0,1.0,1.0
2021_Ref_Plot3_B10::85,Field2,1,1.0,1.0,1.0,1.0,1.0
2021_Ref_Plot3_B12::8,Field2,1,1.0,1.0,1.0,1.0,1.0
2021_Ref_Plot3_B12::16,Field2,1,1.0,1.0,1.0,1.0,1.0
2021_Ref_Plot3_B12::22,Field2,1,1.0,1.0,1.0,1.0,1.0
2021_Ref_Plot3_B12::27,Field2,1,1.0,1.0,1.0,1.0,1.0
2021_Ref_Plot3_B12::35,Field2,1,1.0,1.0,1.0,1.0,1.0
2021_Ref_Plot3_B12::44,Field2,1,1.0,1.0,1.0,1.0,1.0
2021_Ref_Plot3_B12::50,Field2,1,1.0,1.0,1.0,1.0,1.0
2021_Ref_Plot3_B12::57,Field2,1,1.0,1.0,1.0,1.0,1.0
2021_Ref_Plot3_B12::65,Field2,1,1.0,1.0,1.0,1.0,1.0
2021_Ref_Plot3_B12::69,Field2,1,1.0,1.0,1.0,1.0,1.0
2021_Ref_Plot3_B12::71,Field2,1,1.0,1.0,1.0,1.0,1.0
2021_Ref_Plot3_B12::76,Field2,1,1.0,1.0,1.0,1.0,1.0
2021_Ref_Plot3_B12::80,Field2,1,1.0,1.0,1.0,1.0,1.0
2021_Ref_Plot3_B12::85,Field2,1,1.0,1.0,1.0,1.0,1.0
2021_Ref_Plot3_B17::8,Field2,1,1.0,1.0,1.0,1.0,1.0
2021_Ref_Plot3_B17::16,Field2,1,1.0,1.0,1.0,1.0,1.0
2021_Ref_Plot3_B17::22,Field2,1,1.0,1.0,1.0,1.0,1.0
2021_Ref_Plot3_B17::27,Field2,1,1.0,1.0,1.0,1.0,1.0
2021_Ref_Plot3_B17::35,Field2,1,1.0,1.0,1.0,1.0,1.0
2021_Ref_Plot3_B17::44,Field2,1,1.0,1.0,1.0,1.0,1.0
2021_Ref_Plot3_B17::50,Field2,1,1.0,1.0,1.0,1.0,1.0
2021_Ref_Plot3_B17::57,Field2,1,1.0,1.0,1.0,1.0,1.0
2021_Ref_Plot3_B17::65,Field2,1,1.0,1.0,1.0,1.0,1.0
2021_Ref_Plot3_B17::69,Field2,1,1.0,1.0,1.0,1.0,1.0
2021_Ref_Plot3_B17::71,Field2,1,1.0,1.0,1.0,1.0,1.0
2021_Ref_Plot3_B17::76,Field2,1,1.0,1.0,1.0,1.0,1.0
2021_Ref_Plot3_B17::80,Field2,1,1.0,1.0,1.0,1.0,1.0
2021_Ref_Plot3_B17::85,Field2,1,1.0,1.0,1.0,1.0,1.0
2021_Ref_Plot3_B3::8,Field2,1,1.0,1.0,1.0,1.0,1.0
2021_Ref_Plot3_B3::16,Field2,1,1.0,1.0,1.0,1.0,1.0
2021_Ref_Plot3_B3::22,Field2,1,1.0,1.0,1.0,1.0,1.0
2021_Ref_Plot3_B3::27,Field2,1,1.0,1.0,1.0,1.0,1.0
2021_Ref_Plot3_B3::35,Field2,1,1.0,1.0,1.0,1.0,1.0
2021_Ref_Plot3_B3::44,Field2,1,1.0,1.0,1.0,1.0,1.0
2021_Ref_Plot3_B3::50,Field2,1,1.0,1.0,1.0,1.0,1.0
2021_Ref_Plot3_B3::57,Field2,1,1.0,1.0,1.0,1.0,1.0
2021_Ref_Plot3_B3::65,Field2,1,1.0,1.0,1.0,1.0,1.0
2021_Ref_Plot3_B3::69,Field2,1,1.0,1.0,1.0,1.0,1.0
2021_Ref_Plot3_B3::71,Field2,1,1.0,1.0,1.0,1.0,1.0
2021_Ref_Plot3_B3::76,Field2,1,1.0,1.0,1.0,1.0,1.0
2021_Ref_Plot3_B3::80,Field2,1,1.0,1.0,1.0,1.0,1.0
2021_Ref_Plot3_B3::85,Field2,1,1.0,1.0,1.0,1.0,1.0
2021_Ref_Plot3_B6::8,Field2,1,1.0,1.0,1.0,1.0,1.0
2021_Ref_Plot3_B6::16,Field2,1,1.0,1.0,1.0,1.0,1.0
2021_Ref_Plot3_B6::22,Field2,1,1.0,1.0,1.0,1.0,1.0
2021_Ref_Plot3_B6::27,Field2,1,1.0,1.0,1.0,1.0,1.0
2021_Ref_Plot3_B6::35,Field2,1,1.0,1.0,1.0,1.0,1.0
2021_Ref_Plot3_B6::44,Field2,1,1.0,1.0,1.0,1.0,1.0
2021_Ref_Plot3_B6::50,Field2,1,1.0,1.0,1.0,1.0,1.0
2021_Ref_Plot3_B6::57,Field2,1,1.0,1.0,1.0,1.0,1.0
2021_Ref_Plot3_B6::65,Field2,1,1.0,1.0,1.0,1.0,1.0
2021_Ref_Plot3_B6::69,Field2,1,1.0,1.0,1.0,1.0,1.0
2021_Ref_Plot3_B6::71,Field2,1,1.0,1.0,1.0,1.0,1.0
2021_Ref_Plot3_B6::76,Field2,1,1.0,1.0,1.0,1.0,1.0
2021_Ref_Plot3_B6::80,Field2,1,1.0,1.0,1.0,1.0,1.0
2021_Ref_Plot3_B6::85,Field2,1,1.0,1.0,1.0,1.0,1.0
2021_Ref_Plot3_B7::8,Field2,1,1.0,1.0,1.0,1.0,1.0
2021_Ref_Plot3_B7::16,Field2,1,1.0,1.0,1.0,1.0,1.0
2021_Ref_Plot3_B7::22,Field2,1,1.0,1.0,1.0,1.0,1.0
2021_Ref_Plot3_B7::27,Field2,1,1.0,1.0,1.0,1.0,1.0
2021_Ref_Plot3_B7::35,Field2,1,1.0,1.0,1.0,1.0,1.0
2021_Ref_Plot3_B7::44,Field2,1,1.0,1.0,1.0,1.0,1.0
2021_Ref_Plot3_B7::50,Field2,1,1.0,1.0,1.0,1.0,1.0
2021_Ref_Plot3_B7::57,Field2,1,1.0,1.0,1.0,1.0,1.0
2021_Ref_Plot3_B7::65,Field2,1,1.0,1.0,1.0,1.0,1.0
2021_Ref_Plot3_B7::69,Field2,1,1.0,1.0,1.0,1.0,1.0
2021_Ref_Plot3_B7::71,Field2,1,1.0,1.0,1.0,1.0,1.0
2021_Ref_Plot3_B7::76,Field2,1,1.0,1.0,1.0,1.0,1.0
2021_Ref_Plot3_B7::80,Field2,1,1.0,1.0,1.0,1.0,1.0
2021_Ref_Plot3_B7::85,Field2,1,1.0,1.0,1.0,1.0,1.0
2021_Ref_Plot3_B8::8,Field2,1,1.0,1.0,1.0,1.0,1.0
2021_Ref_Plot3_B8::16,Field2,1,1.0,1.0,1.0,1.0,1.0
2021_Ref_Plot3_B8::22,Field2,1,1.0,1.0,1.0,1.0,1.0
2021_Ref_Plot3_B8::27,Field2,1,1.0,1.0,1.0,1.0,1.0
2021_Ref_Plot3_B8::35,Field2,1,1.0,1.0,1.0,1.0,1.0
2021_Ref_Plot3_B8::44,Field2,1,1.0,1.0,1.0,1.0,1.0
2021_Ref_Plot3_B8::50,Field2,1,1.0,1.0,1.0,1.0,1.0
2021_Ref_Plot3_B8::57,Field2,1,1.0,1.0,1.0,1.0,1.0
2021_Ref_Plot3_B8::65,Field2,1,1.0,1.0,1.0,1.0,1.0
2021_Ref_Plot3_B8::69,Field2,1,1.0,1.0,1.0,1.0,1.0
2021_Ref_Plot3_B8::71,Field2,1,1.0,1.0,1.0,1.0,1.0
2021_Ref_Plot3_B8::76,Field2,1,1.0,1.0,1.0,1.0,1.0
2021_Ref_Plot3_B8::80,Field2,1,1.0,1.0,1.0,1.0,1.0
2021_Ref_Plot3_B8::85,Field2,1,1.0,1.0,1.0,1.0,1.0
2021_Ref_Plot3_C15::8,Field2,1,1.0,1.0,1.0,1.0,1.0
2021_Ref_Plot3_C15::16,Field2,1,1.0,1.0,1.0,1.0,1.0
2021_Ref_Plot3_C15::22,Field2,1,1.0,1.0,1.0,1.0,1.0
2021_Ref_Plot3_C15::27,Field2,1,1.0,1.0,1.0,1.0,1.0
2021_Ref_Plot3_C15::35,Field2,1,1.0,1.0,1.0,1.0,1.0
2021_Ref_Plot3_C15::44,Field2,1,1.0,1.0,1.0,1.0,1.0
2021_Ref_Plot3_C15::50,Field2,1,1.0,1.0,1.0,1.0,1.0
2021_Ref_Plot3_C15::57,Field2,1,1.0,1.0,1.0,1.0,1.0
2021_Ref_Plot3_C15::65,Field2,1,1.0,1.0,1.0,1.0,1.0
2021_Ref_Plot3_C15::69,Field2,1,1.0,1.0,1.0,1.0,1.0
2021_Ref_Plot3_C15::71,Field2,1,1.0,1.0,1.0,1.0,1.0
2021_Ref_Plot3_C15::76,Field2,1,1.0,1.0,1.0,1.0,1.0
2021_Ref_Plot3_C15::80,Field2,1,1.0,1.0,1.0,1.0,1.0
2021_Ref_Plot3_C15::85,Field2,1,1.0,1.0,1.0,1.0,1.0
2021_Ref_Plot3_C2::8,Field2,1,1.0,1.0,1.0,1.0,1.0
2021_Ref_Plot3_C2::16,Field2,1,1.0,1.0,1.0,1.0,1.0
2021_Ref_Plot3_C2::22,Field2,1,1.0,1.0,1.0,1.0,1.0
2021_Ref_Plot3_C2::27,Field2,1,1.0,1.0,1.0,1.0,1.0
2021_Ref_Plot3_C2::35,Field2,1,1.0,1.0,1.0,1.0,1.0
2021_Ref_Plot3_C2::44,Field2,1,1.0,1.0,1.0,1.0,1.0
2021_Ref_Plot3_C2::50,Field2,1,1.0,1.0,1.0,1.0,1.0
2021_Ref_Plot3_C2::57,Field2,1,1.0,1.0,1.0,1.0,1.0
2021_Ref_Plot3_C2::65,Field2,1,1.0,1.0,1.0,1.0,1.0
2021_Ref_Plot3_C2::69,Field2,1,1.0,1.0,1.0,1.0,1.0
2021_Ref_Plot3_C2::71,Field2,1,1.0,1.0,1.0,1.0,1.0
2021_Ref_Plot3_C2::76,Field2,1,1.0,1.0,1.0,1.0,1.0
2021_Ref_Plot3_C2::80,Field2,1,1.0,1.0,1.0,1.0,1.0
2021_Ref_Plot3_C2::85,Field2,1,1.0,1.0,1.0,1.0,1.0
2021_Ref_Plot3_C3::8,Field2,1,1.0,1.0,1.0,1.0,1.0
2021_Ref_Plot3_C3::16,Field2,1,1.0,1.0,1.0,1.0,1.0
2021_Ref_Plot3_C3::22,Field2,1,1.0,1.0,1.0,1.0,1.0
2021_Ref_Plot3_C3::27,Field2,1,1.0,1.0,1.0,1.0,1.0
2021_Ref_Plot3_C3::35,Field2,1,1.0,1.0,1.0,1.0,1.0
2021_Ref_Plot3_C3::44,Field2,1,1.0,1.0,1.0,1.0,1.0
2021_Ref_Plot3_C3::50,Field2,1,1.0,1.0,1.0,1.0,1.0
2021_Ref_Plot3_C3::57,Field2,1,1.0,1.0,1.0,1.0,1.0
2021_Ref_Plot3_C3::65,Field2,1,1.0,1.0,1.0,1.0,1.0
2021_Ref_Plot3_C3::69,Field2,1,1.0,1.0,1.0,1.0,1.0
2021_Ref_Plot3_C3::71,Field2,1,1.0,1.0,1.0,1.0,1.0
2021_Ref_Plot3_C3::76,Field2,1,1.0,1.0,1.0,1.0,1.0
2021_Ref_Plot3_C3::80,Field2,1,1.0,1.0,1.0,1.0,1.0
2021_Ref_Plot3_C3::85,Field2,1,1.0,1.0,1.0,1.0,1.0
2021_Ref_Plot3_C4::8,Field2,1,1.0,1.0,1.0,1.0,1.0
2021_Ref_Plot3_C4::16,Field2,1,1.0,1.0,1.0,1.0,1.0
2021_Ref_Plot3_C4::22,Field2,1,1.0,1.0,1.0,1.0,1.0
2021_Ref_Plot3_C4::27,Field2,1,1.0,1.0,1.0,1.0,1.0
2021_Ref_Plot3_C4::35,Field2,1,1.0,1.0,1.0,1.0,1.0
2021_Ref_Plot3_C4::44,Field2,1,1.0,1.0,1.0,1.0,1.0
2021_Ref_Plot3_C4::50,Field2,1,1.0,1.0,1.0,1.0,1.0
2021_Ref_Plot3_C4::57,Field2,1,1.0,1.0,1.0,1.0,1.0
2021_Ref_Plot3_C4::65,Field2,1,1.0,1.0,1.0,1.0,1.0
2021_Ref_Plot3_C4::69,Field2,1,1.0,1.0,1.0,1.0,1.0
2021_Ref_Plot3_C4::71,Field2,1,1.0,1.0,1.0,1.0,1.0
2021_Ref_Plot3_C4::76,Field2,1,1.0,1.0,1.0,1.0,1.0
2021_Ref_Plot3_C4::80,Field2,1,1.0,1.0,1.0,1.0,1.0
2021_Ref_Plot3_C4::85,Field2,1,1.0,1.0,1.0,1.0,1.0
2021_Ref_Plot3_D1::8,Field2,1,1.0,1.0,1.0,1.0,1.0
2021_Ref_Plot3_D1::16,Field2,1,1.0,1.0,1.0,1.0,1.0
2021_Ref_Plot3_D1::22,Field2,1,1.0,1.0,1.0,1.0,1.0
2021_Ref_Plot3_D1::27,Field2,1,1.0,1.0,1.0,1.0,1.0
2021_Ref_Plot3_D1::35,Field2,1,1.0,1.0,1.0,1.0,1.0
2021_Ref_Plot3_D1::44,Field2,1,1.0,1.0,1.0,1.0,1.0
2021_Ref_Plot3_D1::50,Field2,1,1.0,1.0,1.0,1.0,1.0
2021_Ref_Plot3_D1::57,Field2,1,1.0,1.0,1.0,1.0,1.0
2021_Ref_Plot3_D1::65,Field2,1,1.0,1.0,1.0,1.0,1.0
2021_Ref_Plot3_D1::69,Field2,1,1.0,1.0,1.0,1.0,1.0
2021_Ref_Plot3_D1::71,Field2,1,1.0,1.0,1.0,1.0,1.0
2021_Ref_Plot3_D1::76,Field2,1,1.0,1.0,1.0,1.0,1.0
2021_Ref_Plot3_D1::80,Field2,1,1.0,1.0,1.0,1.0,1.0
2021_Ref_Plot3_D1::85,Field2,1,1.0,1.0,1.0,1.0,1.0
2021_Ref_Plot3_D15::8,Field2,1,1.0,1.0,1.0,1.0,1.0
2021_Ref_Plot3_D15::16,Field2,1,1.0,1.0,1.0,1.0,1.0
2021_Ref_Plot3_D15::22,Field2,1,1.0,1.0,1.0,1.0,1.0
2021_Ref_Plot3_D15::27,Field2,1,1.0,1.0,1.0,1.0,1.0
2021_Ref_Plot3_D15::35,Field2,1,1.0,1.0,1.0,1.0,1.0
2021_Ref_Plot3_D15::44,Field2,1,1.0,1.0,1.0,1.0,1.0
2021_Ref_Plot3_D15::50,Field2,1,1.0,1.0,1.0,1.0,1.0
2021_Ref_Plot3_D15::57,Field2,1,1.0,1.0,1.0,1.0,1.0
2021_Ref_Plot3_D15::65,Field2,1,1.0,1.0,1.0,1.0,1.0
2021_Ref_Plot3_D15::69,Field2,1,1.0,1.0,1.0,1.0,1.0
2021_Ref_Plot3_D15::71,Field2,1,1.0,1.0,1.0,1.0,1.0
2021_Ref_Plot3_D15::76,Field2,1,1.0,1.0,1.0,1.0,1.0
2021_Ref_Plot3_D15::80,Field2,1,1.0,1.0,1.0,1.0,1.0
2021_Ref_Plot3_D15::85,Field2,1,1.0,1.0,1.0,1.0,1.0
2021_Ref_Plot3_D19::8,Field2,1,1.0,1.0,1.0,1.0,1.0
2021_Ref_Plot3_D19::16,Field2,1,1.0,1.0,1.0,1.0,1.0
2021_Ref_Plot3_D19::22,Field2,1,1.0,1.0,1.0,1.0,1.0
2021_Ref_Plot3_D19::27,Field2,1,1.0,1.0,1.0,1.0,1.0
2021_Ref_Plot3_D19::35,Field2,1,1.0,1.0,1.0,1.0,1.0
2021_Ref_Plot3_D19::44,Field2,1,1.0,1.0,1.0,1.0,1.0
2021_Ref_Plot3_D19::50,Field2,1,1.0,1.0,1.0,1.0,1.0
2021_Ref_Plot3_D19::57,Field2,1,1.0,1.0,1.0,1.0,1.0
2021_Ref_Plot3_D19::65,Field2,1,1.0,1.0,1.0,1.0,1.0
2021_Ref_Plot3_D19::69,Field2,1,1.0,1.0,1.0,1.0,1.0
2021_Ref_Plot3_D19::71,Field2,1,1.0,1.0,1.0,1.0,1.0
2021_Ref_Plot3_D19::76,Field2,1,1.0,1.0,1.0,1.0,1.0
2021_Ref_Plot3_D19::80,Field2,1,1.0,1.0,1.0,1.0,1.0
2021_Ref_Plot3_D19::85,Field2,1,1.0,1.0,1.0,1.0,1.0
2021_Ref_Plot3_D20::8,Field2,1,1.0,1.0,1.0,1.0,1.0
2021_Ref_Plot3_D20::16,Field2,1,1.0,1.0,1.0,1.0,1.0
2021_Ref_Plot3_D20::22,Field2,1,1.0,1.0,1.0,1.0,1.0
2021_Ref_Plot3_D20::27,Field2,1,1.0,1.0,1.0,1.0,1.0
2021_Ref_Plot3_D20::35,Field2,1,1.0,1.0,1.0,1.0,1.0
2021_Ref_Plot3_D20::44,Field2,1,1.0,1.0,1.0,1.0,1.0
2021_Ref_Plot3_D20::50,Field2,1,1.0,1.0,1.0,1.0,1.0
2021_Ref_Plot3_D20::57,Field2,1,1.0,1.0,1.0,1.0,1.0
2021_Ref_Plot3_D20::65,Field2,1,1.0,1.0,1.0,1.0,1.0
2021_Ref_Plot3_D20::69,Field2,1,1.0,1.0,1.0,1.0,1.0
2021_Ref_Plot3_D20::71,Field2,1,1.0,1.0,1.0,1.0,1.0
2021_Ref_Plot3_D20::76,Field2,1,1.0,1.0,1.0,1.0,1.0
2021_Ref_Plot3_D20::80,Field2,1,1.0,1.0,1.0,1.0,1.0
2021_Ref_Plot3_D20::85,Field2,1,1.0,1.0,1.0,1.0,1.0
2021_Ref_Plot3_E11::8,Field2,1,1.0,1.0,1.0,1.0,1.0
2021_Ref_Plot3_E11::16,Field2,1,1.0,1.0,1.0,1.0,1.0
2021_Ref_Plot3_E11::22,Field2,1,1.0,1.0,1.0,1.0,1.0
2021_Ref_Plot3_E11::27,Field2,1,1.0,1.0,1.0,1.0,1.0
2021_Ref_Plot3_E11::35,Field2,1,1.0,1.0,1.0,1.0,1.0
2021_Ref_Plot3_E11::44,Field2,1,1.0,1.0,1.0,1.0,1.0
2021_Ref_Plot3_E11::50,Field2,1,1.0,1.0,1.0,1.0,1.0
2021_Ref_Plot3_E11::57,Field2,1,1.0,1.0,1.0,1.0,1.0
2021_Ref_Plot3_E11::65,Field2,1,1.0,1.0,1.0,1.0,1.0
2021_Ref_Plot3_E11::69,Field2,1,1.0,1.0,1.0,1.0,1.0
2021_Ref_Plot3_E11::71,Field2,1,1.0,1.0,1.0,1.0,1.0
2021_Ref_Plot3_E11::76,Field2,1,1.0,1.0,1.0,1.0,1.0
2021_Ref_Plot3_E11::80,Field2,1,1.0,1.0,1.0,1.0,1.0
2021_Ref_Plot3_E11::85,Field2,1,1.0,1.0,1.0,1.0,1.0
2021_Ref_Plot4_A7::8,Field2,1,1.0,1.0,1.0,1.0,1.0
2021_Ref_Plot4_A7::16,Field2,1,1.0,1.0,1.0,1.0,1.0
2021_Ref_Plot4_A7::22,Field2,1,1.0,1.0,1.0,1.0,1.0
2021_Ref_Plot4_A7::27,Field2,1,1.0,1.0,1.0,1.0,1.0
2021_Ref_Plot4_A7::35,Field2,1,1.0,1.0,1.0,1.0,1.0
2021_Ref_Plot4_A7::44,Field2,1,1.0,1.0,1.0,1.0,1.0
2021_Ref_Plot4_A7::50,Field2,1,1.0,1.0,1.0,1.0,1.0
2021_Ref_Plot4_A7::57,Field2,1,1.0,1.0,1.0,1.0,1.0
2021_Ref_Plot4_A7::65,Field2,1,1.0,1.0,1.0,1.0,1.0
2021_Ref_Plot4_A7::69,Field2,1,1.0,1.0,1.0,1.0,1.0
2021_Ref_Plot4_A7::71,Field2,1,1.0,1.0,1.0,1.0,1.0
2021_Ref_Plot4_A7::76,Field2,1,1.0,1.0,1.0,1.0,1.0
2021_Ref_Plot4_A7::80,Field2,1,1.0,1.0,1.0,1.0,1.0
2021_Ref_Plot4_A7::85,Field2,1,1.0,1.0,1.0,1.0,1.0
2021_Ref_Plot4_B11::8,Field2,1,1.0,1.0,1.0,1.0,1.0
2021_Ref_Plot4_B11::16,Field2,1,1.0,1.0,1.0,1.0,1.0
2021_Ref_Plot4_B11::22,Field2,1,1.0,1.0,1.0,1.0,1.0
2021_Ref_Plot4_B11::27,Field2,1,1.0,1.0,1.0,1.0,1.0
2021_Ref_Plot4_B11::35,Field2,1,1.0,1.0,1.0,1.0,1.0
2021_Ref_Plot4_B11::44,Field2,1,1.0,1.0,1.0,1.0,1.0
2021_Ref_Plot4_B11::50,Field2,1,1.0,1.0,1.0,1.0,1.0
2021_Ref_Plot4_B11::57,Field2,1,1.0,1.0,1.0,1.0,1.0
2021_Ref_Plot4_B11::65,Field2,1,1.0,1.0,1.0,1.0,1.0
2021_Ref_Plot4_B11::69,Field2,1,1.0,1.0,1.0,1.0,1.0
2021_Ref_Plot4_B11::71,Field2,1,1.0,1.0,1.0,1.0,1.0
2021_Ref_Plot4_B11::76,Field2,1,1.0,1.0,1.0,1.0,1.0
2021_Ref_Plot4_B11::80,Field2,1,1.0,1.0,1.0,1.0,1.0
2021_Ref_Plot4_B11::85,Field2,1,1.0,1.0,1.0,1.0,1.0
2021_Ref_Plot4_B12::8,Field2,1,1.0,1.0,1.0,1.0,1.0
2021_Ref_Plot4_B12::16,Field2,1,1.0,1.0,1.0,1.0,1.0
2021_Ref_Plot4_B12::22,Field2,1,1.0,1.0,1.0,1.0,1.0
2021_Ref_Plot4_B12::27,Field2,1,1.0,1.0,1.0,1.0,1.0
2021_Ref_Plot4_B12::35,Field2,1,1.0,1.0,1.0,1.0,1.0
2021_Ref_Plot4_B12::44,Field2,1,1.0,1.0,1.0,1.0,1.0
2021_Ref_Plot4_B12::50,Field2,1,1.0,1.0,1.0,1.0,1.0
2021_Ref_Plot4_B12::57,Field2,1,1.0,1.0,1.0,1.0,1.0
2021_Ref_Plot4_B12::65,Field2,1,1.0,1.0,1.0,1.0,1.0
2021_Ref_Plot4_B12::69,Field2,1,1.0,1.0,1.0,1.0,1.0
2021_Ref_Plot4_B12::71,Field2,1,1.0,1.0,1.0,1.0,1.0
2021_Ref_Plot4_B12::76,Field2,1,1.0,1.0,1.0,1.0,1.0
2021_Ref_Plot4_B12::80,Field2,1,1.0,1.0,1.0,1.0,1.0
2021_Ref_Plot4_B12::85,Field2,1,1.0,1.0,1.0,1.0,1.0
2021_Ref_Plot4_B13::8,Field2,1,1.0,1.0,1.0,1.0,1.0
2021_Ref_Plot4_B13::16,Field2,1,1.0,1.0,1.0,1.0,1.0
2021_Ref_Plot4_B13::22,Field2,1,1.0,1.0,1.0,1.0,1.0
2021_Ref_Plot4_B13::27,Field2,1,1.0,1.0,1.0,1.0,1.0
2021_Ref_Plot4_B13::35,Field2,1,1.0,1.0,1.0,1.0,1.0
2021_Ref_Plot4_B13::44,Field2,1,1.0,1.0,1.0,1.0,1.0
2021_Ref_Plot4_B13::50,Field2,1,1.0,1.0,1.0,1.0,1.0
2021_Ref_Plot4_B13::57,Field2,1,1.0,1.0,1.0,1.0,1.0
2021_Ref_Plot4_B13::65,Field2,1,1.0,1.0,1.0,1.0,1.0
2021_Ref_Plot4_B13::69,Field2,1,1.0,1.0,1.0,1.0,1.0
2021_Ref_Plot4_B13::71,Field2,1,1.0,1.0,1.0,1.0,1.0
2021_Ref_Plot4_B13::76,Field2,1,1.0,1.0,1.0,1.0,1.0
2021_Ref_Plot4_B13::80,Field2,1,1.0,1.0,1.0,1.0,1.0
2021_Ref_Plot4_B13::85,Field2,1,1.0,1.0,1.0,1.0,1.0
2021_Ref_Plot4_B15::8,Field2,1,1.0,1.0,1.0,1.0,1.0
2021_Ref_Plot4_B15::16,Field2,1,1.0,1.0,1.0,1.0,1.0
2021_Ref_Plot4_B15::22,Field2,1,1.0,1.0,1.0,1.0,1.0
2021_Ref_Plot4_B15::27,Field2,1,1.0,1.0,1.0,1.0,1.0
2021_Ref_Plot4_B15::35,Field2,1,1.0,1.0,1.0,1.0,1.0
2021_Ref_Plot4_B15::44,Field2,1,1.0,1.0,1.0,1.0,1.0
2021_Ref_Plot4_B15::50,Field2,1,1.0,1.0,1.0,1.0,1.0
2021_Ref_Plot4_B15::57,Field2,1,1.0,1.0,1.0,1.0,1.0
2021_Ref_Plot4_B15::65,Field2,1,1.0,1.0,1.0,1.0,1.0
2021_Ref_Plot4_B15::69,Field2,1,1.0,1.0,1.0,1.0,1.0
2021_Ref_Plot4_B15::71,Field2,1,1.0,1.0,1.0,1.0,1.0
2021_Ref_Plot4_B15::76,Field2,1,1.0,1.0,1.0,1.0,1.0
2021_Ref_Plot4_B15::80,Field2,1,1.0,1.0,1.0,1.0,1.0
2021_Ref_Plot4_B15::85,Field2,1,1.0,1.0,1.0,1.0,1.0
2021_Ref_Plot4_B16::8,Field2,1,1.0,1.0,1.0,1.0,1.0
2021_Ref_Plot4_B16::16,Field2,1,1.0,1.0,1.0,1.0,1.0
2021_Ref_Plot4_B16::22,Field2,1,1.0,1.0,1.0,1.0,1.0
2021_Ref_Plot4_B16::27,Field2,1,1.0,1.0,1.0,1.0,1.0
2021_Ref_Plot4_B16::35,Field2,1,1.0,1.0,1.0,1.0,1.0
2021_Ref_Plot4_B16::44,Field2,1,1.0,1.0,1.0,1.0,1.0
2021_Ref_Plot4_B16::50,Field2,1,1.0,1.0,1.0,1.0,1.0
2021_Ref_Plot4_B16::57,Field2,1,1.0,1.0,1.0,1.0,1.0
2021_Ref_Plot4_B16::65,Field2,1,1.0,1.0,1.0,1.0,1.0
2021_Ref_Plot4_B16::69,Field2,1,1.0,1.0,1.0,1.0,1.0
2021_Ref_Plot4_B16::71,Field2,1,1.0,1.0,1.0,1.0,1.0
2021_Ref_Plot4_B16::76,Field2,1,1.0,1.0,1.0,1.0,1.0
2021_Ref_Plot4_B16::80,Field2,1,1.0,1.0,1.0,1.0,1.0
2021_Ref_Plot4_B16::85,Field2,1,1.0,1.0,1.0,1.0,1.0
2021_Ref_Plot4_B17::8,Field2,1,1.0,1.0,1.0,1.0,1.0
2021_Ref_Plot4_B17::16,Field2,1,1.0,1.0,1.0,1.0,1.0
2021_Ref_Plot4_B17::22,Field2,1,1.0,1.0,1.0,1.0,1.0
2021_Ref_Plot4_B17::27,Field2,1,1.0,1.0,1.0,1.0,1.0
2021_Ref_Plot4_B17::35,Field2,1,1.0,1.0,1.0,1.0,1.0
2021_Ref_Plot4_B17::44,Field2,1,1.0,1.0,1.0,1.0,1.0
2021_Ref_Plot4_B17::50,Field2,1,1.0,1.0,1.0,1.0,1.0
2021_Ref_Plot4_B17::57,Field2,1,1.0,1.0,1.0,1.0,1.0
2021_Ref_Plot4_B17::65,Field2,1,1.0,1.0,1.0,1.0,1.0
2021_Ref_Plot4_B17::69,Field2,1,1.0,1.0,1.0,1.0,1.0
2021_Ref_Plot4_B17::71,Field2,1,1.0,1.0,1.0,1.0,1.0
2021_Ref_Plot4_B17::76,Field2,1,1.0,1.0,1.0,1.0,1.0
2021_Ref_Plot4_B17::80,Field2,1,1.0,1.0,1.0,1.0,1.0
2021_Ref_Plot4_B17::85,Field2,1,1.0,1.0,1.0,1.0,1.0
2021_Ref_Plot4_C4::8,Field2,1,1.0,1.0,1.0,1.0,1.0
2021_Ref_Plot4_C4::16,Field2,1,1.0,1.0,1.0,1.0,1.0
2021_Ref_Plot4_C4::22,Field2,1,1.0,1.0,1.0,1.0,1.0
2021_Ref_Plot4_C4::27,Field2,1,1.0,1.0,1.0,1.0,1.0
2021_Ref_Plot4_C4::35,Field2,1,1.0,1.0,1.0,1.0,1.0
2021_Ref_Plot4_C4::44,Field2,1,1.0,1.0,1.0,1.0,1.0
2021_Ref_Plot4_C4::50,Field2,1,1.0,1.0,1.0,1.0,1.0
2021_Ref_Plot4_C4::57,Field2,1,1.0,1.0,1.0,1.0,1.0
2021_Ref_Plot4_C4::65,Field2,1,1.0,1.0,1.0,1.0,1.0
2021_Ref_Plot4_C4::69,Field2,1,1.0,1.0,1.0,1.0,1.0
2021_Ref_Plot4_C4::71,Field2,1,1.0,1.0,1.0,1.0,1.0
2021_Ref_Plot4_C4::76,Field2,1,1.0,1.0,1.0,1.0,1.0
2021_Ref_Plot4_C4::80,Field2,1,1.0,1.0,1.0,1.0,1.0
2021_Ref_Plot4_C4::85,Field2,1,1.0,1.0,1.0,1.0,1.0
2021_Ref_Plot4_D11::8,Field2,1,1.0,1.0,1.0,1.0,1.0
2021_Ref_Plot4_D11::16,Field2,1,1.0,1.0,1.0,1.0,1.0
2021_Ref_Plot4_D11::22,Field2,1,1.0,1.0,1.0,1.0,1.0
2021_Ref_Plot4_D11::27,Field2,1,1.0,1.0,1.0,1.0,1.0
2021_Ref_Plot4_D11::35,Field2,1,1.0,1.0,1.0,1.0,1.0
2021_Ref_Plot4_D11::44,Field2,1,1.0,1.0,1.0,1.0,1.0
2021_Ref_Plot4_D11::50,Field2,1,1.0,1.0,1.0,1.0,1.0
2021_Ref_Plot4_D11::57,Field2,1,1.0,1.0,1.0,1.0,1.0
2021_Ref_Plot4_D11::65,Field2,1,1.0,1.0,1.0,1.0,1.0
2021_Ref_Plot4_D11::69,Field2,1,1.0,1.0,1.0,1.0,1.0
2021_Ref_Plot4_D11::71,Field2,1,1.0,1.0,1.0,1.0,1.0
2021_Ref_Plot4_D11::76,Field2,1,1.0,1.0,1.0,1.0,1.0
2021_Ref_Plot4_D11::80,Field2,1,1.0,1.0,1.0,1.0,1.0
2021_Ref_Plot4_D11::85,Field2,1,1.0,1.0,1.0,1.0,1.0
2021_Ref_Plot4_D6::8,Field2,1,1.0,1.0,1.0,1.0,1.0
2021_Ref_Plot4_D6::16,Field2,1,1.0,1.0,1.0,1.0,1.0
2021_Ref_Plot4_D6::22,Field2,1,1.0,1.0,1.0,1.0,1.0
2021_Ref_Plot4_D6::27,Field2,1,1.0,1.0,1.0,1.0,1.0
2021_Ref_Plot4_D6::35,Field2,1,1.0,1.0,1.0,1.0,1.0
2021_Ref_Plot4_D6::44,Field2,1,1.0,1.0,1.0,1.0,1.0
2021_Ref_Plot4_D6::50,Field2,1,1.0,1.0,1.0,1.0,1.0
2021_Ref_Plot4_D6::57,Field2,1,1.0,1.0,1.0,1.0,1.0
2021_Ref_Plot4_D6::65,Field2,1,1.0,1.0,1.0,1.0,1.0
2021_Ref_Plot4_D6::69,Field2,1,1.0,1.0,1.0,1.0,1.0
2021_Ref_Plot4_D6::71,Field2,1,1.0,1.0,1.0,1.0,1.0
2021_Ref_Plot4_D6::76,Field2,1,1.0,1.0,1.0,1.0,1.0
2021_Ref_Plot4_D6::80,Field2,1,1.0,1.0,1.0,1.0,1.0
2021_Ref_Plot4_D6::85,Field2,1,1.0,1.0,1.0,1.0,1.0
2021_Ref_Plot5_A17::8,Field2,1,1.0,1.0,1.0,1.0,1.0
2021_Ref_Plot5_A17::16,Field2,1,1.0,1.0,1.0,1.0,1.0
2021_Ref_Plot5_A17::22,Field2,1,1.0,1.0,1.0,1.0,1.0
2021_Ref_Plot5_A17::27,Field2,1,1.0,1.0,1.0,1.0,1.0
2021_Ref_Plot5_A17::35,Field2,1,1.0,1.0,1.0,1.0,1.0
2021_Ref_Plot5_A17::44,Field2,1,1.0,1.0,1.0,1.0,1.0
2021_Ref_Plot5_A17::50,Field2,1,1.0,1.0,1.0,1.0,1.0
2021_Ref_Plot5_A17::69,Field2,1,1.0,1.0,1.0,1.0,1.0
2021_Ref_Plot5_A17::71,Field2,1,1.0,1.0,1.0,1.0,1.0
2021_Ref_Plot5_A17::76,Field2,1,1.0,1.0,1.0,1.0,1.0
2021_Ref_Plot5_A17::80,Field2,1,1.0,1.0,1.0,1.0,1.0
2021_Ref_Plot5_A17::85,Field2,1,1.0,1.0,1.0,1.0,1.0
2021_Ref_Plot5_A19::8,Field2,1,1.0,1.0,1.0,1.0,1.0
2021_Ref_Plot5_A19::16,Field2,1,1.0,1.0,1.0,1.0,1.0
2021_Ref_Plot5_A19::22,Field2,1,1.0,1.0,1.0,1.0,1.0
2021_Ref_Plot5_A19::27,Field2,1,1.0,1.0,1.0,1.0,1.0
2021_Ref_Plot5_A19::35,Field2,1,1.0,1.0,1.0,1.0,1.0
2021_Ref_Plot5_A19::44,Field2,1,1.0,1.0,1.0,1.0,1.0
2021_Ref_Plot5_A19::50,Field2,1,1.0,1.0,1.0,1.0,1.0
2021_Ref_Plot5_A19::57,Field2,1,1.0,1.0,1.0,1.0,1.0
2021_Ref_Plot5_A19::65,Field2,1,1.0,1.0,1.0,1.0,1.0
2021_Ref_Plot5_A19::69,Field2,1,1.0,1.0,1.0,1.0,1.0
2021_Ref_Plot5_A19::71,Field2,1,1.0,1.0,1.0,1.0,1.0
2021_Ref_Plot5_A19::76,Field2,1,1.0,1.0,1.0,1.0,1.0
2021_Ref_Plot5_A19::80,Field2,1,1.0,1.0,1.0,1.0,1.0
2021_Ref_Plot5_A19::85,Field2,1,1.0,1.0,1.0,1.0,1.0
2021_Ref_Plot5_B12::8,Field2,1,1.0,1.0,1.0,1.0,1.0
2021_Ref_Plot5_B12::16,Field2,1,1.0,1.0,1.0,1.0,1.0
2021_Ref_Plot5_B12::22,Field2,1,1.0,1.0,1.0,1.0,1.0
2021_Ref_Plot5_B12::27,Field2,1,1.0,1.0,1.0,1.0,1.0
2021_Ref_Plot5_B12::35,Field2,1,1.0,1.0,1.0,1.0,1.0
2021_Ref_Plot5_B12::44,Field2,1,1.0,1.0,1.0,1.0,1.0
2021_Ref_Plot5_B12::50,Field2,1,1.0,1.0,1.0,1.0,1.0
2021_Ref_Plot5_B12::57,Field2,1,1.0,1.0,1.0,1.0,1.0
2021_Ref_Plot5_B12::65,Field2,1,1.0,1.0,1.0,1.0,1.0
2021_Ref_Plot5_B12::69,Field2,1,1.0,1.0,1.0,1.0,1.0
2021_Ref_Plot5_B12::71,Field2,1,1.0,1.0,1.0,1.0,1.0
2021_Ref_Plot5_B12::76,Field2,1,1.0,1.0,1.0,1.0,1.0
2021_Ref_Plot5_B12::80,Field2,1,1.0,1.0,1.0,1.0,1.0
2021_Ref_Plot5_B12::85,Field2,1,1.0,1.0,1.0,1.0,1.0
2021_Ref_Plot5_B14::8,Field2,1,1.0,1.0,1.0,1.0,1.0
2021_Ref_Plot5_B14::16,Field2,1,1.0,1.0,1.0,1.0,1.0
2021_Ref_Plot5_B14::22,Field2,1,1.0,1.0,1.0,1.0,1.0
2021_Ref_Plot5_B14::27,Field2,1,1.0,1.0,1.0,1.0,1.0
2021_Ref_Plot5_B14::35,Field2,1,1.0,1.0,1.0,1.0,1.0
2021_Ref_Plot5_B14::44,Field2,1,1.0,1.0,1.0,1.0,1.0
2021_Ref_Plot5_B14::50,Field2,1,1.0,1.0,1.0,1.0,1.0
2021_Ref_Plot5_B14::57,Field2,1,1.0,1.0,1.0,1.0,1.0
2021_Ref_Plot5_B14::65,Field2,1,1.0,1.0,1.0,1.0,1.0
2021_Ref_Plot5_B14::69,Field2,1,1.0,1.0,1.0,1.0,1.0
2021_Ref_Plot5_B14::71,Field2,1,1.0,1.0,1.0,1.0,1.0
2021_Ref_Plot5_B14::76,Field2,1,1.0,1.0,1.0,1.0,1.0
2021_Ref_Plot5_B14::80,Field2,1,1.0,1.0,1.0,1.0,1.0
2021_Ref_Plot5_B14::85,Field2,1,1.0,1.0,1.0,1.0,1.0
2021_Ref_Plot5_C12::8,Field2,1,1.0,1.0,1.0,1.0,1.0
2021_Ref_Plot5_C12::16,Field2,1,1.0,1.0,1.0,1.0,1.0
2021_Ref_Plot5_C12::22,Field2,1,1.0,1.0,1.0,1.0,1.0
2021_Ref_Plot5_C12::27,Field2,1,1.0,1.0,1.0,1.0,1.0
2021_Ref_Plot5_C12::35,Field2,1,1.0,1.0,1.0,1.0,1.0
2021_Ref_Plot5_C12::44,Field2,1,1.0,1.0,1.0,1.0,1.0
2021_Ref_Plot5_C12::50,Field2,1,1.0,1.0,1.0,1.0,1.0
2021_Ref_Plot5_C12::57,Field2,1,1.0,1.0,1.0,1.0,1.0
2021_Ref_Plot5_C12::65,Field2,1,1.0,1.0,1.0,1.0,1.0
2021_Ref_Plot5_C12::69,Field2,1,1.0,1.0,1.0,1.0,1.0
2021_Ref_Plot5_C12::71,Field2,1,1.0,1.0,1.0,1.0,1.0
2021_Ref_Plot5_C12::76,Field2,1,1.0,1.0,1.0,1.0,1.0
2021_Ref_Plot5_C12::80,Field2,1,1.0,1.0,1.0,1.0,1.0
2021_Ref_Plot5_C12::85,Field2,1,1.0,1.0,1.0,1.0,1.0
2021_Ref_Plot5_C17::8,Field2,1,1.0,1.0,1.0,1.0,1.0
2021_Ref_Plot5_C17::16,Field2,1,1.0,1.0,1.0,1.0,1.0
2021_Ref_Plot5_C17::22,Field2,1,1.0,1.0,1.0,1.0,1.0
2021_Ref_Plot5_C17::27,Field2,1,1.0,1.0,1.0,1.0,1.0
2021_Ref_Plot5_C17::35,Field2,1,1.0,1.0,1.0,1.0,1.0
2021_Ref_Plot5_C17::44,Field2,1,1.0,1.0,1.0,1.0,1.0
2021_Ref_Plot5_C17::50,Field2,1,1.0,1.0,1.0,1.0,1.0
2021_Ref_Plot5_C17::57,Field2,1,1.0,1.0,1.0,1.0,1.0
2021_Ref_Plot5_C17::65,Field2,1,1.0,1.0,1.0,1.0,1.0
2021_Ref_Plot5_C17::69,Field2,1,1.0,1.0,1.0,1.0,1.0
2021_Ref_Plot5_C17::71,Field2,1,1.0,1.0,1.0,1.0,1.0
2021_Ref_Plot5_C17::76,Field2,1,1.0,1.0,1.0,1.0,1.0
2021_Ref_Plot5_C17::80,Field2,1,1.0,1.0,1.0,1.0,1.0
2021_Ref_Plot5_C17::85,Field2,1,1.0,1.0,1.0,1.0,1.0
2021_Ref_Plot5_C18::8,Field2,1,1.0,1.0,1.0,1.0,1.0
2021_Ref_Plot5_C18::16,Field2,1,1.0,1.0,1.0,1.0,1.0
2021_Ref_Plot5_C18::22,Field2,1,1.0,1.0,1.0,1.0,1.0
2021_Ref_Plot5_C18::27,Field2,1,1.0,1.0,1.0,1.0,1.0
2021_Ref_Plot5_C18::35,Field2,1,1.0,1.0,1.0,1.0,1.0
2021_Ref_Plot5_C18::44,Field2,1,1.0,1.0,1.0,1.0,1.0
2021_Ref_Plot5_C18::50,Field2,1,1.0,1.0,1.0,1.0,1.0
2021_Ref_Plot5_C18::57,Field2,1,1.0,1.0,1.0,1.0,1.0
2021_Ref_Plot5_C18::65,Field2,1,1.0,1.0,1.0,1.0,1.0
2021_Ref_Plot5_C18::69,Field2,1,1.0,1.0,1.0,1.0,1.0
2021_Ref_Plot5_C18::71,Field2,1,1.0,1.0,1.0,1.0,1.0
2021_Ref_Plot5_C18::76,Field2,1,1.0,1.0,1.0,1.0,1.0
2021_Ref_Plot5_C18::80,Field2,1,1.0,1.0,1.0,1.0,1.0
2021_Ref_Plot5_C18::85,Field2,1,1.0,1.0,1.0,1.0,1.0
2021_Ref_Plot5_D10::8,Field2,1,1.0,1.0,1.0,1.0,1.0
2021_Ref_Plot5_D10::16,Field2,1,1.0,1.0,1.0,1.0,1.0
2021_Ref_Plot5_D10::22,Field2,1,1.0,1.0,1.0,1.0,1.0
2021_Ref_Plot5_D10::27,Field2,1,1.0,1.0,1.0,1.0,1.0
2021_Ref_Plot5_D10::35,Field2,1,1.0,1.0,1.0,1.0,1.0
2021_Ref_Plot5_D10::44,Field2,1,1.0,1.0,1.0,1.0,1.0
2021_Ref_Plot5_D10::50,Field2,1,1.0,1.0,1.0,1.0,1.0
2021_Ref_Plot5_D10::57,Field2,1,1.0,1.0,1.0,1.0,1.0
2021_Ref_Plot5_D10::65,Field2,1,1.0,1.0,1.0,1.0,1.0
2021_Ref_Plot5_D10::69,Field2,1,1.0,1.0,1.0,1.0,1.0
2021_Ref_Plot5_D10::71,Field2,1,1.0,1.0,1.0,1.0,1.0
2021_Ref_Plot5_D10::76,Field2,1,1.0,1.0,1.0,1.0,1.0
2021_Ref_Plot5_D10::80,Field2,1,1.0,1.0,1.0,1.0,1.0
2021_Ref_Plot5_D10::85,Field2,1,1.0,1.0,1.0,1.0,1.0
2021_Ref_Plot5_D11::8,Field2,1,1.0,1.0,1.0,1.0,1.0
2021_Ref_Plot5_D11::16,Field2,1,1.0,1.0,1.0,1.0,1.0
2021_Ref_Plot5_D11::22,Field2,1,1.0,1.0,1.0,1.0,1.0
2021_Ref_Plot5_D11::27,Field2,1,1.0,1.0,1.0,1.0,1.0
2021_Ref_Plot5_D11::35,Field2,1,1.0,1.0,1.0,1.0,1.0
2021_Ref_Plot5_D11::44,Field2,1,1.0,1.0,1.0,1.0,1.0
2021_Ref_Plot5_D11::50,Field2,1,1.0,1.0,1.0,1.0,1.0
2021_Ref_Plot5_D11::57,Field2,1,1.0,1.0,1.0,1.0,1.0
2021_Ref_Plot5_D11::65,Field2,1,1.0,1.0,1.0,1.0,1.0
2021_Ref_Plot5_D11::69,Field2,1,1.0,1.0,1.0,1.0,1.0
2021_Ref_Plot5_D11::71,Field2,1,1.0,1.0,1.0,1.0,1.0
2021_Ref_Plot5_D11::76,Field2,1,1.0,1.0,1.0,1.0,1.0
2021_Ref_Plot5_D11::80,Field2,1,1.0,1.0,1.0,1.0,1.0
2021_Ref_Plot5_D11::85,Field2,1,1.0,1.0,1.0,1.0,1.0
2021_Ref_Plot5_D9::8,Field2,1,1.0,1.0,1.0,1.0,1.0
2021_Ref_Plot5_D9::16,Field2,1,1.0,1.0,1.0,1.0,1.0
2021_Ref_Plot5_D9::22,Field2,1,1.0,1.0,1.0,1.0,1.0
2021_Ref_Plot5_D9::27,Field2,1,1.0,1.0,1.0,1.0,1.0
2021_Ref_Plot5_D9::35,Field2,1,1.0,1.0,1.0,1.0,1.0
2021_Ref_Plot5_D9::44,Field2,1,1.0,1.0,1.0,1.0,1.0
2021_Ref_Plot5_D9::50,Field2,1,1.0,1.0,1.0,1.0,1.0
2021_Ref_Plot5_D9::57,Field2,1,1.0,1.0,1.0,1.0,1.0
2021_Ref_Plot5_D9::65,Field2,1,1.0,1.0,1.0,1.0,1.0
2021_Ref_Plot5_D9::69,Field2,1,1.0,1.0,1.0,1.0,1.0
2021_Ref_Plot5_D9::71,Field2,1,1.0,1.0,1.0,1.0,1.0
2021_Ref_Plot5_D9::76,Field2,1,1.0,1.0,1.0,1.0,1.0
2021_Ref_Plot5_D9::80,Field2,1,1.0,1.0,1.0,1.0,1.0
2021_Ref_Plot5_D9::85,Field2,1,1.0,1.0,1.0,1.0,1.0
2021_Ref_Plot5_E11::8,Field2,1,1.0,1.0,1.0,1.0,1.0
2021_Ref_Plot5_E11::16,Field2,1,1.0,1.0,1.0,1.0,1.0
2021_Ref_Plot5_E11::22,Field2,1,1.0,1.0,1.0,1.0,1.0
2021_Ref_Plot5_E11::27,Field2,1,1.0,1.0,1.0,1.0,1.0
2021_Ref_Plot5_E11::35,Field2,1,1.0,1.0,1.0,1.0,1.0
2021_Ref_Plot5_E11::44,Field2,1,1.0,1.0,1.0,1.0,1.0
2021_Ref_Plot5_E11::50,Field2,1,1.0,1.0,1.0,1.0,1.0
2021_Ref_Plot5_E11::57,Field2,1,1.0,1.0,1.0,1.0,1.0
2021_Ref_Plot5_E11::65,Field2,1,1.0,1.0,1.0,1.0,1.0
2021_Ref_Plot5_E11::69,Field2,1,1.0,1.0,1.0,1.0,1.0
2021_Ref_Plot5_E11::71,Field2,1,1.0,1.0,1.0,1.0,1.0
2021_Ref_Plot5_E11::76,Field2,1,1.0,1.0,1.0,1.0,1.0
2021_Ref_Plot5_E11::80,Field2,1,1.0,1.0,1.0,1.0,1.0
2021_Ref_Plot5_E11::85,Field2,1,1.0,1.0,1.0,1.0,1.0
2021_Ref_Plot5_E3::8,Field2,1,1.0,1.0,1.0,1.0,1.0
2021_Ref_Plot5_E3::16,Field2,1,1.0,1.0,1.0,1.0,1.0
2021_Ref_Plot5_E3::22,Field2,1,1.0,1.0,1.0,1.0,1.0
2021_Ref_Plot5_E3::27,Field2,1,1.0,1.0,1.0,1.0,1.0
2021_Ref_Plot5_E3::35,Field2,1,1.0,1.0,1.0,1.0,1.0
2021_Ref_Plot5_E3::44,Field2,1,1.0,1.0,1.0,1.0,1.0
2021_Ref_Plot5_E3::50,Field2,1,1.0,1.0,1.0,1.0,1.0
2021_Ref_Plot5_E3::57,Field2,1,1.0,1.0,1.0,1.0,1.0
2021_Ref_Plot5_E3::65,Field2,1,1.0,1.0,1.0,1.0,1.0
2021_Ref_Plot5_E3::69,Field2,1,1.0,1.0,1.0,1.0,1.0
2021_Ref_Plot5_E3::71,Field2,1,1.0,1.0,1.0,1.0,1.0
2021_Ref_Plot5_E3::76,Field2,1,1.0,1.0,1.0,1.0,1.0
2021_Ref_Plot5_E3::80,Field2,1,1.0,1.0,1.0,1.0,1.0
2021_Ref_Plot5_E3::85,Field2,1,1.0,1.0,1.0,1.0,1.0
2021_Ref_Plot5_E7::8,Field2,1,1.0,1.0,1.0,1.0,1.0
2021_Ref_Plot5_E7::16,Field2,1,1.0,1.0,1.0,1.0,1.0
2021_Ref_Plot5_E7::22,Field2,1,1.0,1.0,1.0,1.0,1.0
2021_Ref_Plot5_E7::27,Field2,1,1.0,1.0,1.0,1.0,1.0
2021_Ref_Plot5_E7::35,Field2,1,1.0,1.0,1.0,1.0,1.0
2021_Ref_Plot5_E7::44,Field2,1,1.0,1.0,1.0,1.0,1.0
2021_Ref_Plot5_E7::50,Field2,1,1.0,1.0,1.0,1.0,1.0
2021_Ref_Plot5_E7::57,Field2,1,1.0,1.0,1.0,1.0,1.0
2021_Ref_Plot5_E7::65,Field2,1,1.0,1.0,1.0,1.0,1.0
2021_Ref_Plot5_E7::69,Field2,1,1.0,1.0,1.0,1.0,1.0
2021_Ref_Plot5_E7::71,Field2,1,1.0,1.0,1.0,1.0,1.0
2021_Ref_Plot5_E7::76,Field2,1,1.0,1.0,1.0,1.0,1.0
2021_Ref_Plot5_E7::80,Field2,1,1.0,1.0,1.0,1.0,1.0
2021_Ref_Plot5_E7::85,Field2,1,1.0,1.0,1.0,1.0,1.0
